word,spacetime
daisy,other
owned,other
thingy,other
messed,other
lipstick,other
regular,other
bars,other
bubaly,other
meanest,other
trophy,other
zoom,both
hooper,other
starbucks,other
oopsie,other
maryse,other
avon,other
idaho,other
conversation,other
movements,both
dadada,other
pool,other
measles,other
force,other
fifi,other
handcuffs,other
lynette,other
mallets,other
gee,other
cuisinart,other
believe,other
disappearing,other
blown,other
bless,other
lunchie,other
selling,other
teachers,other
huey,other
teapot,other
huhuh,other
rice_krispies,other
handling,other
refused,other
stove,other
twirly,both
tater,other
shooting,both
advertisement,other
ev,other
wyoming,other
hair,other
here,space
ornika,other
sorter,other
ate,other
alarm,other
smoking,other
pitter,other
se,other
presenting,other
mice,other
putnam_avenue,other
goodnight,time
suds,other
chased,both
dickie,other
nu,other
knot,other
price,other
cockroach,other
election,other
drum,other
raggedy,other
giving,other
typewriter,other
tuh,other
hike,both
leading,other
rexy,other
backpack,other
lil,other
oriental,other
trips,both
automatic,other
uppy,other
snuggling,other
schenley,other
stop,both
heavenly,other
file,other
snowing,other
thatza,other
sizzle,other
tickets,other
hilarious,other
household,other
colder,other
killed,other
swirly,other
rules,other
dolly,other
leash,other
pappy,other
acting,other
rings,other
split,both
camel,other
lawrence,other
tarantula,other
martha,other
gum,other
mazy,other
races,both
boys,other
partner,other
oh_boy,other
timon,other
vitamin,other
pea,other
tricks,other
chamber,space
g_i_joe,other
franklin,other
compartment,space
fallen,other
builded,both
dadaji,other
wow,other
youse,other
complaining,other
warmth,other
hail,other
tag,other
its,other
refuse,other
fussies,other
yvonne,other
gifts,other
explain,other
picker,other
ladybugs,other
porcupines,other
dab,other
travis,other
actual,other
gusto,other
fertilizer,other
sleepy,other
starter,other
gracious,other
middle,both
at_at,other
lively,other
spaghettios,other
barely,other
supposed,other
scarecrow,other
vrum,other
unsnap,other
november,time
atta,other
brachiosaurus,other
bakery,other
raced,both
seashore,space
cranky,other
peculiar,other
russian,other
skunks,other
henry,other
decoration,other
nanny,other
owowow,other
beaks,other
turtles,other
celebrating,other
eastmont,other
church,other
gore,other
points,other
smarter,other
wasn,other
blinds,other
fives,other
favors,other
chi,other
chomp,other
fog,other
benches,other
diddle,other
squeaker,other
baby_roadrunner,other
glue,other
smoother,other
are,other
serve,other
sails,other
auntie,other
roman,other
zip,other
critter,other
brisco,other
koalas,other
painted,other
eczema,other
doink,other
knead,other
zurg,other
jets,other
neverland,both
coordination,both
moments,time
copies,other
bringing,other
cola,other
hap,other
savers,other
dolphin,other
shoreline,space
copied,other
pittypat,other
ballerina,other
hungry,other
footprints,other
asked,other
leftovers,other
bandaid,other
scuttle,both
sliced,both
buddah,other
apologize,other
rowing,both
terry,other
instruction,other
satellite,other
nickelodeon,other
clapping,other
control,other
runner,both
chimes,other
zigzag,space
slept,other
buns,other
eeran,other
elbow,space
tempeh,other
marx,other
postman,other
rabbit,other
banjo,other
lowa,other
hunk,other
lovie,other
tough,other
kind,other
blowed,other
sly,other
comment,other
new_hampshire,other
sunk,both
andreas,other
nick,other
lump,space
just,other
duckbill,other
volcano,other
scotland,other
dink,other
ha,other
mgah,other
mummies,other
goldie,other
pretzel,other
squished,both
talked,other
message,other
soft,other
tile,other
manger,other
underground,space
hanukkah,time
mere,other
smiles,other
yawning,other
bat,other
vine,other
under,space
niet,other
gown,other
magnificent,other
person,other
eric,other
robinhood,other
kanobi,other
miller,other
smashed,both
aladar,other
ganoboo,other
edamame,other
separate,both
booth,other
ointment,other
my_goodness,other
dring,other
ling,other
delicate,other
big_pig,other
reptiles,other
dracula,other
tuffet,other
swings,both
flows,both
taping,other
considerate,other
turns,both
bends,space
tart,other
dwonk,other
flight,both
false,other
salads,other
wrapping,both
providence,other
scouts,other
internet,other
gymboree,other
protecting,other
love,other
pokes,other
pooping,other
breather,time
gonta,other
oooo,other
bushes,other
stinking,other
courage,other
scuffy,other
world,space
stars,other
carved,both
yippee,other
pet,other
looser,both
th,other
lizard,other
comma,other
exclaimed,other
review,other
fangor,other
infantry,other
thorn,other
gyere,other
cmere,other
punky,other
patricia,other
farther,both
rather,other
cleared,other
assume,other
dandelion,other
aid,other
peep_peep,other
maisey,other
transcribing,other
marilyn,other
hyraxes,other
icky,other
dukes,other
unfortunately,other
pull,both
zoie,other
gabby,other
unscrew,other
yawned,other
hmh,other
towel,other
chick,other
flying,both
tr,other
mommas,other
listened,other
sighed,other
frys,other
tibble,other
comics,other
tarce,other
clear,other
elizabeth,other
seuss,other
wicket,other
yickity,other
adding,other
enemies,other
defense,other
quick,both
dza,other
strollers,other
vily,other
tomato,other
moomoo,other
pasture,other
ropes,other
kevin,other
studio,other
abracadabra,other
slinky,other
sprite,other
vent,other
april,time
minnesota,other
volume,other
tights,other
whatcha,other
aggravated,other
smarty,other
ambitious,other
ribs,other
michigan,other
cokes,other
shave,other
co_op,other
lottery,other
dusty,other
hangers,other
jared,other
crept,both
team,other
locks,other
ache,other
you,other
mitchell,other
hangs,other
doug,other
roscoe,other
amanda,other
lousy,other
lally,other
deck,other
mayer,other
mouses,other
cell,space
unbelievable,other
sarah,other
swiper,other
jeffrey,other
cauldron,other
snaps,other
chowder,other
troy,other
twinkles,other
gremlins,other
energy,other
keisha,other
season,time
the,other
snakie,other
exchange,other
suzanne,other
circle,space
meme,other
todd,other
notice,other
opossums,other
aware,other
stepping,both
tumbles,both
scheduled,time
tangles,both
twenties,other
chatter,other
visit,both
snuggle,other
thi,other
rabber,other
faster,both
included,other
waste,other
properly,other
species,other
space,space
ra,other
pompoms,other
extremely,other
dawson,other
joking,other
scooby,other
eiffel,other
unpleasant,other
wool,other
yelling,other
again,time
blows,other
scottish,other
machines,other
pushing,both
neighbors,space
jammy,other
paycheck,other
discussing,other
floppy,other
patsy,other
cotton,other
foal,other
hook,other
plaster,other
tika,other
spend,other
congratulations,other
mandy,other
myra,other
gregory,other
bring,other
petting,other
it,other
dude,other
periwinkle,other
el,other
warms,other
song,other
boops,other
slop,other
childrens,other
combine,both
bathrobe,other
shrinking,both
littler,space
bicycles,other
meaning,other
wagged,both
smoked,other
foodies,other
community,other
creepmouse,other
walt,other
underman,other
rescue,other
che,other
donchou,other
turkey,other
napkin,other
skull,other
phonetic,other
cheerios,other
lava,other
leftover,other
dial,other
fredrick,other
uf,other
fla,other
kirk,other
leoni,other
snowmen,other
neresh,other
eeat,other
spanking,other
hee,other
minutes,time
frowning,other
mason,other
salt,other
grinding,other
service,other
crybaby,other
all_done,other
cooperation,other
nativity,other
beige,other
seen,other
crispy,other
koosh,other
greet,other
television,other
huge,space
alone,other
slot,both
freighter,other
grapefruit,other
faced,other
hopes,other
cafe,other
spills,other
bedroom,other
tasted,other
mctats,other
sucks,other
phoenix,other
ducks,other
elevator,other
dumpty,other
ridges,space
gwww,other
vik,other
ketchup,other
languages,other
dopey,other
lip,other
dats,other
seriously,other
shoulders,other
chatty_baby,other
eat_it,other
beware,other
pinto,other
geraldine,other
plants,other
lexy,other
numbers,other
secret,other
fuse,other
belle,other
co,other
whatchu,other
claws,other
sardines,other
quart,space
skinned,other
cushions,other
greedy,other
citrus,other
chutes,space
gets,other
koolaid,other
diguh,other
feels,other
pledge,other
has,other
health,other
threatened,other
build,other
garden,other
level,space
deborah,other
long,both
helpful,other
pots,other
staple,other
watermelons,other
strike,other
thirst,other
dairy,other
maybe,other
freeze,other
tiniest,space
fishies,other
hunters,other
moved,both
russia,other
bonked,other
erases,other
peeling,other
drool,other
armadillos,other
manny,other
bucky,other
barge,other
covered,other
we,other
wife,other
forecast,time
objects,other
seeking,other
reaction,other
diana,other
loops,both
dove,other
giants,other
prices,other
swell,both
ramp,space
mic,other
santas,other
bean,other
goes,both
dark,other
ram,other
cassette,other
harmless,other
farmhouse,other
dewie,other
dock,other
yah,other
honkers,other
rob,other
sheryl,other
al,other
marking,other
quiz,other
bruise,other
dynamite,other
hansel,other
arise,both
kinana,other
bowed,other
noses,other
dan,other
goat,other
burke,other
dolls,other
hova,other
pokey,other
meeting,both
boring,other
place,space
clouds,other
dragonflies,other
cheerful,other
zayre,other
steps,both
cooks,other
storms,other
crossing,space
remain,both
progress,both
plastic,other
attractive,other
tottered,other
catch,other
sparkles,other
suck,other
causing,other
snack,other
cones,other
lead,both
brownies,other
mcdonald,other
crick,other
spaceships,other
biggest,space
doubt,other
busybox,other
wo,other
boop,other
weighs,other
egypt,other
suggested,other
balo,other
a_lot,other
thread,other
sandal,other
mkay,other
counted,other
mangle,other
item,other
pitterpat,other
julius,other
cookbook,other
opera,other
disguised,other
outfit,other
goofing,other
ve,other
weren,other
hearing,other
diplodocus,other
slowed,both
registers,other
sledding,other
arnold,other
crayon,other
alike,other
stories,other
helping,other
boar,other
pages,other
glug,other
flush,other
post,other
splitting,both
thanks,other
arizona,other
opa,other
blue_a,other
jean,other
ruffle,other
howard,other
abra_cadabra,other
arrangement,both
uno,other
needed,other
portrait,other
scrubbing,other
lizzy,other
sweeps,other
lesson,other
appropriate,other
pinocchio,other
chipped,other
dimes,other
fisher,other
pilgrims,other
violent,other
star,other
outer,space
lemon,other
earrings,other
judy,other
hammock,other
wipers,other
treat,other
cucumbers,other
dumdi,other
broccoli,other
chubby,other
weird,other
thankyou,other
steering,other
anymore,time
silky,other
eve,time
ro,other
pegasus,other
nem,other
wants,other
sludge,other
considered,other
bent,other
turntable,other
cutie,other
lucifer,other
bugs,other
beecer,other
were,other
grover,other
dese,other
umbrellas,other
usually,time
priya,other
braid,other
sized,space
thankful,other
carrier,other
pirates,other
sweep,both
parton,other
complete,both
huntsman,other
vervop,other
carson,other
sa,other
ones,other
graham,other
pencil,other
cardinals,other
pookey,other
rejected,other
filmed,other
jungle_book,other
mushed,other
valentine,other
determined,other
enemy,other
corduroy,other
wi,other
radiator,other
history,time
floated,space
splinter,other
sunburn,other
captain_marvel,other
believed,other
stroller,other
beaters,other
taxis,other
combs,other
bobber,other
frannie,other
curls,other
red,other
karate,other
hay,other
elegant,other
tired,other
exercise,other
rrrr,other
stepsisters,other
checker,other
zachy,other
wha,other
tablespoon,other
squirrel,other
grandmas,other
busy,both
haup,other
ah,other
leopards,other
baskets,other
foxy,other
louder,other
winning,other
broken,other
mystery,other
repeat,time
pum,other
bookie,other
feria,other
munch,other
talented,other
trim,other
connecticut,other
nicki,other
toffer,other
gerald,other
pencils,other
hollering,other
d_c,other
roads,space
yolky,other
bubble,other
pacific,other
corvette,other
mousie,other
beebee,other
chihuahua,other
gogo,other
hunting,other
astra,other
patrick,other
wordless,other
knapsack,other
dominoes,other
centipede,other
clean,other
daycare,other
poppy,other
depending,other
lots,both
painting,other
naw,other
prettiest,other
type,other
turtle,other
conditioner,other
ups_a_daisy,other
sorts,other
niece,other
ben,other
rice,other
mon,other
stan,other
spider_man,other
indeedie,other
sore,other
trombone,other
do,other
saber,other
gooseberry,other
gerbil,other
by,other
elephant,other
meals,other
zevenbergen,other
footing,other
sundae,other
play_dohs,other
pegs,other
ug,other
bantam,other
knock,other
badada,other
diver,other
reservation,other
smartest,other
jasmine,other
orchestra,other
tippity,other
net,other
ours,other
answers,other
pff,other
waters,other
weapon,other
oystering,other
skate,other
fir,other
touch,other
learn,other
drew,other
scolding,other
llamas,other
out_of,other
pats,other
experiment,other
noodle,other
invites,other
monica,other
oregon,other
skipper,other
coughed,other
knob,other
lawnmower,other
tapir,other
costume,other
grumpy,other
senior,other
sport,other
koa,other
hopper,other
cork,other
mirror,other
bu,other
daria,other
cory,other
queens,other
blooming,other
river,other
lock,other
ysay,other
curl,space
lays,other
auntie_gertie,other
nod,other
romanian,other
lynx,other
my,other
script,other
fuck,other
thwack,other
no,other
rochelle,other
flour,other
crosses,space
star_wars,other
smushed,both
nickname,other
chew,other
knocks,other
erli,other
fluid,other
bonnet,other
spigot,other
goldy,other
maam,other
camels,other
steel,other
karen,other
week,time
engineers,other
budget,other
flutter,other
carols,other
rail,other
nutcracker,other
pero,other
attention,other
per,other
lee,other
slicing,both
chairs,other
muffin,other
spic,other
get,other
dipsy,other
wish,other
dad,other
shall,other
kleenex,other
tyler,other
try,other
rubbing,other
hiney,other
olives,other
wiggle,other
mack,other
tinky,other
minnie,other
ranch,other
whaddayou,other
goodie,other
ais,other
bubbly,other
oval,other
jocko,other
glorious,other
aboo,other
dry,other
dope,other
oof,other
ho,other
saturn,other
crackery,other
inside,space
blankie,other
debbie,other
picked,other
pajamas,other
homemade,other
tickling,other
israel,other
livie,other
hated,other
agreed,other
pokemon,other
brazil,other
triangular,space
tangerine,other
mailed,other
guest,other
brontotherium,other
tucson,other
teethies,other
googey,other
subways,other
wantcher,other
scootch,both
thud,other
ankles,other
incredible_hulk,other
comon,other
meteor,other
research,other
dai,other
jacks,other
fooling,other
conductor,other
mary,other
whose,other
downtown,space
shakes,other
woke,other
billy,other
sailboat,other
accept,other
cap,other
solar,other
fallin,other
eee,other
brief,time
willy,other
steal,other
witch,other
dustpan,other
coldest,other
tallulah,other
whaddaya,other
colds,other
ericka,other
tails,other
of,other
basketball,other
artist,other
raising,both
merrill,other
chug,other
adda,other
grow,both
grapes,other
woggy,other
donna,other
squoosh,both
slopping,other
sabers,other
lit,other
lumps,space
digger,other
monique,other
curlers,other
cornell,other
lassie,other
front,space
philosophy,other
grumble,other
yey,other
moore,other
passenger,other
utensil,other
toad,other
clearer,other
bitten,other
final,time
create,other
toasted,other
thumbs,other
particular,other
nebraska,other
bush,other
mime,other
donny,other
caused,other
bog,other
elana,other
took,other
crescent,space
standard,other
cheddar,other
accident,other
winds,other
sharon,other
saasha,other
bolts,other
list,other
minute,time
tahoe,other
whoopie,other
baking,other
skis,other
buds,other
jammed,other
dentist,other
thor,other
repacked,other
replies,other
clears,other
hears,other
nipples,other
cod,other
jerk,other
whisk,other
nicky,other
scott,other
dolphins,other
vroom,other
machinery,other
cries,other
nice,other
ae,other
mickey_mouses,other
gigi,other
wiz,other
pyramid,space
scout,other
slup,other
bla,other
tugged,other
fries,other
lambs,other
kurt,other
germany,other
blend,other
sneeze,other
spud,other
papers,other
dollar,other
version,other
skating,other
decorating,other
gurdy,other
baggy,other
dee,other
icicles,other
l_a,other
formula,other
jolly,other
breakdown,other
left,both
williams,other
national,other
fromage,other
poppins,other
ninja,other
sleds,other
helicopters,other
anxiously,other
nowhere,space
doggys,other
swept,other
chris,other
mermaid,other
shelley,other
have_to,other
sugar,other
zat,other
scraping,other
du,other
bicentennial,time
bed_bed,other
guava,other
cody,other
find,other
oink_oink_oink,other
babaa,other
feeder,other
convenient,other
policeman,other
ot,other
nighttime,time
bags,other
baked,other
seventy,other
opinion,other
clipping,other
sparkling,other
birds,other
contract,other
selfish,other
photo,other
snuggly,other
haystack,other
upstairs,space
forgotten,other
horns,other
dub,other
halfway,both
monkey,other
washy,other
forgot,other
delete,other
candles,other
grampy,other
gazaggers,other
bouncie,other
daddys,other
dropping,other
dried,other
dragged,both
truck,other
as_if,other
hugging,other
twins,other
douglas,other
rainforest,other
familia,other
sonny,other
unusual,other
particularly,other
prayers,other
dimple,other
dying,other
pomegranates,other
cynthia,other
spices,other
cob,other
piglets,other
squealed,other
feather,other
door,other
pookie,other
partners,other
monday,time
bonk,other
bahbah,other
straining,other
florida,other
hush,other
upward,space
sail,other
cecelia,other
bobbing,both
outing,other
tarantulas,other
votes,other
steamshovel,other
heehee,other
earned,other
rustle,other
waffle,other
cookbooks,other
fifteenth,other
peabody,other
yessie,other
helene,other
otter,other
impression,other
perry,other
lemons,other
shopping,other
curling,other
jenell,other
watched,other
spinosaurus,other
steven,other
naima,other
strom,other
cantaloupe,other
binoculars,other
announcement,other
shirts,other
sipped,other
pliers,other
thermometer,other
purples,other
wonderful,other
recycle,other
chicks,other
correct,other
stitches,other
hoohoo,other
clifford,other
tattly,other
styles,other
terrible,other
labels,other
nina,other
scores,other
armor,other
drilling,other
income,other
clunk,other
avocado,other
tab,other
raining,other
arrest,other
lara,other
wheel,other
baggie,other
agree,other
shortcake,other
certainly,other
caitlin,other
weener,other
igen,other
loly,other
shoelace,other
diamonds,other
peeped,other
tantrum,other
bap,other
bud,other
dreidel,other
ele,other
complain,other
occasionally,time
anne,other
need,other
gots,other
this,other
elementary,other
crawl,other
border,space
tritan,other
vanish,other
tennessee,other
trucks,other
rwww,other
slice,other
toddy,other
brandon,other
bed,other
din,other
griffin,other
wazit,other
swamp,other
blub,other
rough,other
radio,other
slacks,other
spying,other
plow,other
chinese,other
cyril,other
reeds,other
though,other
desperately,other
jess,other
duper,other
freak,other
ability,other
ducky,other
flavor,other
cecile,other
kaboomps,other
strong,other
drivers,other
singing,other
snoopy,other
freedom,other
gung,other
madam,other
wiped,other
liquids,other
fragile,other
fluttering,other
materials,other
pillar,other
tripped,other
alec,other
folk,other
kind_of,other
puddles,other
wrapped,other
shishi,other
leafy,other
burnt,other
leaving,both
anniversary,time
sue,other
quarter,other
tyrone,other
seagulls,other
wrap,other
gosh,other
part,other
invent,other
rin_tin_tin,other
wagon,other
follow,both
self,other
obstacle,other
nearest,both
eggs,other
scratches,other
eighth,other
cried,other
toesies,other
behave,other
rosie,other
hahaha,other
brandy,other
sealie,other
magnetic,other
mosquitos,other
peach,other
catsup,other
forms,other
umbrella,other
joseph_p,other
diseases,other
came,other
cops,other
pastels,other
spoons,other
sock,other
nutty,other
sween,other
britches,other
joann,other
drugstore,other
swing,other
wowie,other
blueberrys,other
lando,other
neighing,other
then,time
backs,other
ran,other
damn,other
customers,other
similar,other
cheeped,other
society,other
seems,other
googly,other
scrumptious,other
teeshirt,other
clearing,space
cent,other
skipped,both
fumes,other
hazel,other
ayay,other
witt,other
apeekaboo,other
hag,other
bleach,other
whiskers,other
watered,other
vowel,other
petey,other
emmitt,other
pleasant,other
watery,other
pepperoni,other
pam,other
disturb,other
snug,other
worth,other
humpty_dumpty,other
carry,both
romper_room,other
newton,other
infection,other
pi,other
multicolored,other
denise,other
disguise,other
speaker,other
good,other
t_rex,other
sparkle,other
bay,other
delilah,other
since,other
lovey,other
hurrying,both
paragraph,other
struggle,other
rum,other
mush,other
newt,other
wheeled,other
jimmy,other
carousel,other
mitt,other
margie,other
kufbrim,other
wired,other
process,both
possum,other
afterwards,time
yoke,other
as,other
snarls,other
tease,other
bugga,other
drumming,other
dumper,other
brio,other
chase,both
goofy,other
thinks,other
battle,other
messy,other
voting,other
months,time
muggy,other
market,other
dreaming,other
newspaper,other
stinks,other
cycle,other
india,other
havta,other
smiler,other
deserve,other
swans,other
lila,other
picky,other
dolce,other
louisiana,other
spilling,other
ribbet,other
hall,other
always,time
blinks,other
rat,other
grief,other
brittney,other
kobi,other
whisking,other
married,other
mummy,other
ass,other
amphibians,other
smallest,space
derek,other
stickerbirds,other
purposes,other
kayode,other
passy,other
organize,other
doobee,other
dump,other
clarinet,other
controls,other
pwww,other
mua,other
seventeenth,other
pass,other
staircase,other
legs,other
spy,other
napkins,other
tulip,other
sell,other
separately,both
spanked,other
ba,other
curve,other
sunburned,other
petsey,other
cold,other
ware,other
opening,both
biddy,other
charley,other
phonograph,other
night_night,time
hum,other
join,both
paintbrushes,other
baron,other
pressure,other
tuna,other
wowee,other
spreading,other
honey_bunny,other
reasonable,other
rattlesnake,other
never,time
nibbled,other
bedelia,other
square,space
huffed,other
delivers,other
hugged,other
wayland,other
toothbrush,other
heavier,other
nail,other
loki,other
compare,other
boulder,other
invention,other
spinning,other
flood,other
aye,other
pudding,other
spot,both
wonder,other
oo,other
car,other
vacation,other
tug_of_war,other
susie,other
awww,other
pounding,other
camp,other
counts,other
buildings,other
slim,other
francisco,other
jack,other
yeah,other
argue,other
wai,other
ningwashira,other
guilty,other
ugly,other
dumptruck,other
neck,other
beatles,other
jennifer,other
bulls,other
ricotta,other
listening,other
lookout,other
tremendous,space
icecream,other
share,other
richie,other
salamander,other
bouquet,other
kerplunk,other
and,other
talkies,other
ellie,other
check,other
doing,other
ashore,both
creative,other
icicle,other
smelled,other
pinwheel,other
vicky,other
direction,space
kaka,other
oughta,other
gravel,other
flights,both
lint,other
ge,other
explorers,other
hobby,other
stolen,other
tricked,other
exhibits,other
nothing,other
kristin,other
flash,other
bumblebee,other
quicksand,other
ush,other
directions,space
pies,other
been,other
muehler,other
wand,other
moves,both
spots,space
bibble,other
russell,other
eli,other
crack,other
brr,other
necklaces,other
clockwise,both
steamed,other
sirens,other
stomped,other
nonstop,time
jumper,other
gahb,other
scale,other
agh,other
mufasa,other
summer,time
scan,other
bedtime,other
rhino,other
abc,other
civilized,other
ihiy,other
wags,other
seat,other
van,other
salmon,other
seal,other
thrasher,other
talula,other
highland,space
bumble_bee,other
kuh,other
mine,other
arts,other
collapsed,other
dancing,other
goopy,other
fans,other
hasn,other
lyle,other
australia,other
eyeball,other
bumped,other
toilet,other
lentils,other
puffer,other
sanctuary,other
finishing,other
rubbish,other
excitement,other
hates,other
adios,other
membership,other
givin,other
oyster,other
hardware,other
whichever,other
nicest,other
lunches,other
hoo_hoo,other
mechanism,other
excavator,other
vrumf,other
whoopee,other
noble,other
invitations,other
hopped,both
doof,other
anchor,other
mini,space
gums,other
imitating,other
boinga,other
missus_jordan,other
sub,other
hallehallehalle,other
float,other
oxygen,other
zsupa,other
thou,other
tina,other
frosty,other
reported,other
bathe,other
babble,other
pierre,other
kissie,other
themselves,other
mussels,other
rip,other
creamy,other
noone,other
sleepy_wolf,other
brains,other
sunshine,other
sewed,other
atmosphere,other
span,other
watercolors,other
survive,other
munka,other
ceilings,other
clever,other
kissing,other
emptied,other
lopsided,other
thomas,other
boobies,other
shem,other
bothers,other
peekaboo,other
gonegone,other
kush,other
rats,other
mavis,other
pumpkins,other
cage,space
abstract,other
bitsy,space
m_t_v,other
swoosh,other
slam,other
thip,other
poppa,other
cacy,other
operate,other
waving,other
erin,other
uhoh,other
loft,space
forward,both
teaspoon,other
jabba,other
slices,other
neigh,other
ideal,other
grip,other
tushie,other
oiled,other
laa,other
section,space
papier_mache,other
kingdom,other
messy_bessy,other
tinker,other
amen,other
knee,other
midnight,time
brooklyn_cake,other
sisters,other
north_carolina,other
horrible,other
noticed,other
buzzer,other
knowledge,other
tot,other
mixture,other
doodle,other
uncle_bwww,other
ee,other
bingo,other
thick,space
mooky,other
crashing,other
gray,other
corky,other
pedaled,other
cursive,other
tying,other
sill,other
magna_doodle,other
sort_of,other
swim,both
icy,other
hurts,other
veterinarian,other
pits,other
grams,other
slightly,other
tomatoes,other
rafael,other
seeing,other
snooze,other
relax,other
quarters,space
partly,both
suggestion,other
bermuda,other
stopped,both
mormor,other
desserts,other
silo,other
roots,other
ty,other
variety,other
edwards,other
eaters,other
away,space
child,other
guided,other
bleep,other
grandmommy,other
snowed,other
jeanie,other
nicer,other
drill,other
huggy,other
muppet,other
chapter,other
hickies,other
nibble,other
fritz,other
joanna,other
quacked,other
nestles,other
asks,other
wrapper,other
classmates,other
grill,other
enchanted,other
performing,other
interfere,other
worn,other
pills,other
dean,other
gluing,other
eddie,other
fry,other
clips,other
pronounce,other
frustrating,other
order,both
rejoice,other
fright,other
thank_you,other
growling,other
previous,time
shocks,other
manner,other
cleaned,other
excellent,other
pat_the_bunny,other
checking,other
scold,other
collapse,both
types,other
growing,other
suns,other
throws,other
bzz,other
passed,both
drain,other
anyhow,other
freckle,other
firefly,other
cocoa,other
moths,other
troll,other
chantilly,other
marky,other
diapers,other
respect,other
poopsie,other
orchid,other
hon,other
rooting,other
maurice,other
posters,other
jericho,other
kit,other
tripod,other
soldier,other
rhythm,time
theory,other
spoke,other
ewok,other
tck,other
tooka,other
stain,other
perhaps,other
million,other
d_j,other
runway,other
rick,other
madeleine,other
handle,other
grown,other
swallowing,other
doggy,other
donkey,other
fail,other
lyn,other
stealing,other
investigate,other
studying,other
ruined,other
bro,other
chuck,other
tuppy,other
recommend,other
dries,other
hides,other
culture,other
thingie,other
attacked,other
poodle,other
brokken,other
fruits,other
jobs,other
horizon,both
belongs,other
brick,other
made,other
seem,other
plane,space
piggys,other
eagle,other
wrong,other
deedee,other
blending,other
e_t,other
macdonald,other
bjorn,other
completed,other
sick,other
suf,other
mane,other
operator,other
dapper,other
lined,other
listens,other
ow,other
manage,other
trowel,other
floor,space
wrestling,other
begun,time
exactly,other
sky_dart,other
tv,other
dips,other
instructed,other
delightful,other
relaxed,other
rosies,other
pooch,other
uht,other
breath,other
gilly,other
handkerchief,other
subject,other
haza,other
moomilk,other
reappear,both
licking,other
light,other
alert,other
their,other
halle,other
neatly,other
arrange,both
letters,other
books,other
eeayeeay,other
patter,other
jokes,other
god_damn,other
puppy,other
rusted,other
eat,other
dandelions,other
amber,other
bargain,other
mattress,other
sheep,other
ever,other
hulk,other
clipper,other
entire,other
scallops,other
cornbread,other
mrs_gwww,other
lark,other
grocery,other
ninety,other
knives,other
splat,other
ladders,other
irritated,other
christopher,other
expect,other
crumpled,other
spoil,other
re,other
pretended,other
slap,other
gloria,other
gift,other
sparkler,other
canceled,other
ferdie,other
oh_goodness,other
gene,other
connections,both
peeper,other
po,other
whatchya,other
sebastian,other
boof,other
regina,other
correctly,other
sorta,other
flowers,other
laney,other
ahhah,other
gal,other
buggies,other
melvin,other
ended,both
liv,other
shine,other
ticklish,other
served,other
loading,other
gazpacho,other
hear,other
wriggly,both
coupons,other
homer,other
uh_hmmm,other
clearly,other
moon,other
tried,other
sled,other
overnight,time
dingaling,other
okay,other
brownie,other
markers,other
caca,other
puffs,other
unknown,other
easily,other
chat,other
dominos,other
quietly,other
welcome,other
ashtray,other
t_j,other
obi,other
bart,other
cassey,other
classroom,other
emu,other
master,other
clyde,other
concert,other
tattle,other
screech,other
walker,other
rodger,other
shelly,other
sheldon,other
googalee,other
siree,other
davey,other
license,other
lurch,both
pole,other
doves,other
kiss,other
showed,other
clamp,other
tame,other
philip,other
goof,other
cooker,other
spencer,other
checkers,other
winner,other
surface,space
cans,other
thank,other
wasting,other
deidre,other
stephanie,other
calendar,time
performance,other
slammed,other
appeared,both
farms,other
cardinal,other
boa,other
spelling,other
merrily,other
grandpas,other
microphone,other
dottie,other
yahyahyah,other
frighten,other
walls,other
tunde,other
mississippi,other
potatohead,other
bowler,other
penises,other
danger,other
aisle,space
laughed,other
opposites,other
among,space
needle,other
saturday,time
fights,other
haven,other
swatter,other
lolo,other
huh,other
bl,other
capital,other
badge,other
glitter,other
sip,other
tahini,other
stay,both
charms,other
clues,other
venus,other
quacking,other
isaac,other
michebous,other
muscles,other
old_macdonald,other
elaine,other
lorraine,other
sheet,other
villages,other
diane,other
marion,other
halls,space
missus_gluck,other
broth,other
way,other
good_night,other
tower,other
kinds,other
named,other
stool,other
luckily,other
guguh,other
audience,other
buttery,other
ay,other
blade,other
feast,other
graph,other
grateful,other
gasped,other
xylophone,other
understood,other
juggler,other
agnes,other
steep,space
often,time
slapping,other
snail,other
ewww,other
mostly,time
grammas,other
illinois,other
seahorses,other
blackberry,other
greatest,other
dontchou,other
lake,other
scarves,other
auchela,other
dinky,other
screams,other
sandman,other
moth,other
sieve,other
remembering,other
snort,other
choked,other
omelette,other
washed,other
ticket,other
walnut,other
pathetic,other
tarci,other
slurp,other
subway,other
records,other
rabies,other
valley,other
either,other
butcher,other
talkie,other
alouette,other
carl,other
cattle,other
kim,other
brussels,other
zachary,other
mooshaboosh,other
foundation,space
lauren,other
cargo,other
bronco,other
guda,other
la,other
capitals,other
indiana,other
waking,other
mornings,time
ew,other
taped,other
tamar,other
slamming,other
kenny,other
canoeing,other
fireflies,other
crow,other
tasha,other
grant,other
feta,other
pads,other
stared,other
respond,other
holly,other
twirl,both
favorites,other
kennywood,other
works,other
mirrors,other
obsessed,other
forty,other
beady,other
collie,other
cloths,other
begged,other
earthquake,other
sharp,other
punkin,other
joe,other
new_brunswick,other
monitor,other
stuffy,other
triangles,space
within,both
enjoyed,other
equal,both
splatter,other
sexy,other
ka,other
hogs,other
pounce,both
marks,other
loses,other
hoop,other
manuela,other
moe,other
mess,other
scramble,other
sherbert,other
pump,other
adadadada,other
gi,other
fellas,other
writer,other
excuse,other
casserole,other
tomorrow,time
thanksgiving,time
aten,other
ann,other
dillon,other
peel,other
kipper,other
yard,space
feathery,other
whadyou,other
chuckie,other
slowly,both
wheelchair,other
tongue,other
joke,other
johnny_jump_up,other
pant,other
kh,other
mall,other
nanette,other
congestion,other
meantime,time
boomp,other
pretends,other
riverside,other
burner,other
trick,other
observed,other
underoos,other
nine,other
aah,other
helium,other
swiping,other
hoopla,other
creature,other
chugga,other
bvoom,other
dizzy,other
grind,other
imitation,other
goosey,other
wherever,space
yes,other
tur,other
invited,other
steamer,other
heel,other
spraying,other
scotch,other
grabs,other
cashier,other
wreath,other
bread,other
gesundheit,other
date,time
aquarium,other
spoken,other
dadiji,other
muscle,other
mercedes,other
hotdogs,other
ye,other
firefighters,other
pods,other
screwdrivers,other
mariana,other
vote,other
shh,other
popping,other
bulbs,other
beeping,other
become,other
description,other
couches,other
frames,other
knots,other
trains,other
scratch,other
adah,other
rash,other
garlic,other
ferry,other
signal,other
chuck_e_cheese,other
fantasy,other
splish,other
dick,other
calm,other
fellow,other
offices,other
hat,other
sixteen,other
teh,other
friday,time
boogies,other
whistler,other
flapping,other
marco,other
bouncy_bouncy,other
favor,other
missy,other
mallet,other
opens,other
different,both
stripey,space
nemo,other
melon,other
independent,other
knick,other
pronunciation,other
sleeps,other
breathe,other
uff,other
tall,other
language,other
chopped,other
frustrated,other
baggage,other
hurrah,other
lop,other
agaga,other
hero,other
fond,other
ambrose,other
barefoot,other
behaved,other
jou,other
thirteenth,other
punching,other
rearranging,both
worms,other
heeygo,other
hatchet,other
stops,both
jiminy,other
plate,other
owl,other
george,other
drawing,other
flashlights,other
felicia,other
weeny,other
action,other
tak,other
sack,other
escaped,other
brings,other
footie,other
sparklers,other
pajama,other
poopy,other
tells,other
compass,other
screwed,other
appreciate,other
plunged,other
bloomer,other
sitting,both
access,other
prescription,other
words,other
edible,other
eggies,other
brew,other
yell,other
soda,other
holland,other
pathway,both
lujah,other
village,other
seahorse,other
swam,other
turnip,other
horace,other
backward,both
carp,other
tide,other
carlo,other
dragonfly,other
hondo,other
reindeers,other
blinking,other
hedgehog,other
hints,other
horn,other
snappers,other
yum,other
naar,other
spindle,other
meowing,other
midge,other
hoo,other
drumstick,other
pray,other
manual,other
mouthful,other
cartoon,other
slow,both
barrette,other
silent,other
poppleton,other
bull,other
moma,other
without,other
ladys,other
caterpillars,other
slight,other
moomooshas,other
hearted,other
wig,other
fossil,other
propellers,other
scientist,other
wastebasket,other
dum_dum,other
honestly,other
precisely,other
hided,other
ruth,other
thundered,other
