word,spacetime
millwood,
ranchers,
faceto,
drollery,
extant,time
curnow,
xrf,
tidies,
dee,
kindra,
wiedersehen,
fatone,
yanina,
klingenstein,
uncashed,
galbatorix,
ramapo,
bluray,
uzo,
catacomb,
feed,
stonefly,
agrarians,
hawarth,
professorette,
tabbies,
polje,
visualizes,
shutterstock,
electives,
honeymooner,time
reassertion,
rewrapping,
coggin,
righteous,
nightlights,
anonymous,
diascia,
famquist,
textile,
sights,
produced,
flattops,
rishkov,
nonguaranteed,
cirlot,
mayaguez,
maqsudi,
handleless,
tedium,time
partakes,
acland,
farseeker,
badrutt,
filleted,
suntory,
kamer,
housemann,
bartholomew,
archital,
jukebox,
pelin,
blanc,
cyclospora,
jamming,
latakia,
eridanians,
defellice,
impeded,both
mixologist,
goddio,
presumptions,
sublunary,
valtrex,
khandelwal,
nelia,
poshyananda,
glasswork,
italics,
weslaco,
applewood,
mechani,
rotted,
varro,
wheaties,
stechschulte,
currying,
oakar,
ison,
juue,
envisaged,
spaceflight,space
mogollon,
tingey,
denmark,
cytoplasm,
perla,
fix,
downham,
intermarriage,
hedy,
ahal,
consecutively,time
nelso,
lizette,
esco,
scoob,
deforested,
pleasures,
rainn,
clementine,
sylvano,
portel,
knara,
tourists,
inflected,
coddles,
ferences,
stagnating,time
krogh,
subsuming,space
achromats,
regurgitation,
cyberpatrol,
harlech,
cfl,
debit,
hittin,
pontellier,
rothmiller,
twisty,
revision,
brstyle,
pandarus,
abstain,
expresses,
jackin,
batjer,
wilkening,
ulto,
triggering,
acepromazine,
okeydoke,
cyberlearning,
araguz,
worthy,
lubrani,
lilburn,
ellwood,
iog,
propelling,both
climbers,both
coladas,
naam,
stossen,
amerind,
flanery,
nosair,
fondly,
comdr,
sair,
tsukamoto,
bankcard,
generale,
wasserman,
boldt,
cachin,
disinfects,
prompter,
opei,
lugo,
waypoints,space
southpaws,
cavatelli,
iw,
lawmen,
miscarries,
mudd,
kupfer,
robustus,
ochoa,
frobisher,
jibjab,
marquise,
multilayered,space
mechling,
trenching,space
annalynne,
colleton,
swim,both
sevenday,time
rossignol,
lerlene,
deguzman,
ilze,
welter,
bet,
showalter,
arrogance,
hadeel,
fbs,
nikorn,
typable,
hudner,
vassar,
domine,
stiffnesses,
cuaderno,
mullez,
whacked,
muneer,
charleton,
sande,
gae,
bedout,
appendages,
hesitates,
snugli,
waaa,
battat,
pni,
nachtmusik,
tuus,
shrader,
gong,
vrixx,
wallmounted,space
sterolins,
spiritu,
streinikov,
hewer,
fathi,
namath,
elenore,
concurs,
cured,
tongues,
talzani,
medic,
flattened,space
georges,
hobbies,
fobbed,
ewart,
rezoning,
aberrational,
isms,
skeleton,
overprocess,
bose,
crd,
selsun,
neveu,
usno,
whistled,
gahanna,
alarmist,
marlar,
bringle,
milligauss,
naric,
windup,
guenter,
sergent,
dmz,
teleoperation,
deadest,
trexlertown,
synchronizing,time
catchword,
lowend,
mollycoddling,
minutaglio,
wohlenbergs,
mindpain,
hawkey,
fibula,
lowermybills,
udecc,
smoosh,
outage,
israeli,
tolle,
soires,
nosebleed,
sniffer,
pelf,
gerbarg,
toots,
errin,
rainshadow,
outdid,
blogofthenation,
crowshaw,
sassing,
lettered,
kani,
skizmut,
sanguinea,
miasmas,
huckster,
affirms,
aul,
lauded,
keesha,
toutges,
bohr,
roseates,
supan,
doughnut,
importunate,
malignity,
rifleshot,
mda,
warpath,
radially,
piernick,
yellowish,
dispensaries,
diversa,
obed,
imaginations,
spielman,
cryogenic,
anglers,
bestirred,
clunker,
almoth,
matier,
novelettes,
brainchildren,
layed,space
soe,
retributor,
conscripts,
alumna,
meteoric,
microcells,
dallas,
kosic,
conce,
teaser,
censusing,
shanta,
guerillas,
inflammatory,
programmed,
gnthardt,
relearning,
conciliate,
organa,
jail,
rahimi,
louy,
hamdaniya,
chadds,
gaea,
count,
lanz,
breaststroker,
unsophisticated,
itf,
untalented,
murdoch,
kathmann,
unto,
mynatt,
cantera,
lavendul,
exercycle,
panameno,
diable,
promptness,time
candelabras,
duffs,
bouw,
stroman,
gashes,
assemblies,
assateague,
ashmead,
paxson,
zaffiro,
lofaso,
lyttle,
meeleamee,
lite,
tought,
secretan,
jacker,
strasberg,
rq,
harmfulness,
salinastroika,
beatie,
clampetts,
exegete,
pwh,
delamina,
directorate,
chandrasekar,
shotting,
brightmore,
smuggling,
ayat,
archive,
wexler,
quells,
molpus,
valentn,
molera,
benetint,
caa,
akua,
constraints,
springbok,
scandalize,
unfortified,
shaming,
weir,
freeling,
rockne,
abramovitz,
ftl,
triceratops,
barchus,
caco,
pawful,
entiende,
conclaves,
racetra,
possibuity,
mecanique,
poodle,
suze,
berserkers,
umbers,
exhumed,space
solarcaine,
laffont,
beauvais,
geewax,
conferences,
qwik,
pyjamas,
derailment,both
congratulating,
farspark,
hendrix,
destabilizes,
goetz,
efrat,
vaccinia,
fome,
lobianco,
vilenkin,
yinnik,
nootropics,
plications,
callidyrr,
urinating,
bonemeal,
qutb,
cotten,
gawain,
bidirectional,space
achieving,
zincara,
fencerow,
weeknights,time
superdelegate,
wili,
biodiversity,
loog,
superyachts,
selenide,
courtiers,
yoest,
cambre,
budz,
bribiesca,
butterbur,
loopy,
spreadsheet,
caldo,
moonscape,space
soviets,
dipstick,
lete,
montenapoleone,
holborn,
quadriplegics,
quoyle,
boojum,
serato,
cortex,
kshatriya,
luckner,
instigate,
halloy,
pithy,
morticia,
cattleman,
roams,both
shouters,
fordall,
bigtree,
zt,
betimes,time
hypnotherapy,
bugbee,
shortgame,
orfalea,
brighton,
tabouli,
gallee,
tibbles,
directionally,space
namib,
trophic,
dawr,
oftener,time
aberration,
xylophones,
inexplicably,
setting,space
fim,
lexi,
epper,
turmail,
equals,
tuyet,
loafer,
tabletops,space
junk,
fortresslike,
encanto,
bandhavgarh,
antidepressive,
newberry,
longships,
recalibrate,
ancilla,
stohler,
ultima,
littlemore,
animistic,
loshak,
oleracea,
oxalis,
unharvested,
famy,
goodnow,
stigmas,
loiosh,
demonstrable,
fwem,
mariame,
kundu,
testino,
urumqi,
randle,
rothbard,
barevi,
gobelin,
seiyu,
tog,
trained,
resetters,
hummels,
fami,
mori,
codefendants,
tenochtitlan,
tambourines,
phinons,
nightwear,
rabbo,
hassock,
baskin,
kollek,
meatpacking,
upstrom,
lascu,
obtuseness,
matchups,
vannice,
bresino,
mmw,
resourcefulness,
detach,
novarum,
proliferates,both
resonated,
usted,
believably,
boroughs,
tag,
wbfo,
garwin,
swendseid,
xinhua,
dumpings,
rehearing,
forev,
skimpier,
cuddler,
makeovers,
assata,
leniency,
cc,
dollars,
cacophonous,
lithuania,
athlons,
livable,
noticias,
annegret,
kimmells,
kalej,
coxey,
amok,
quatrain,
ringmouse,
crossan,
aku,
firefly,
suki,
woven,
brahimi,
meeny,
inhumanely,
rheoprotein,
norms,
bareness,
instance,
punchstock,
puchel,
ezekiel,
camisoles,
cana,
tyer,
outgrossed,
libertarians,
leaflet,
malina,
netson,
cavender,
headshake,
zust,
venir,
breathed,
bootlegged,
liqui,
raghida,
supko,
iye,
floris,
syndi,
poilus,
tamu,
wetlands,space
deers,
satoshi,
halfmillion,
respirations,
clearing,
jackdaw,
luxuriated,
catahoula,
jacoby,
opcs,
pos,
reinflate,
unpretty,
manicdepression,
arby,
graciously,
hannity,
yasser,
dled,
malaria,
cadavers,
romagna,
emley,
pemberly,
poinsettias,
ukraine,
auens,
leopoulos,
postnuptial,time
humanness,
tiptoe,
callioux,
matsunaga,
malory,
cronkite,
caucusing,
zax,
gate,
prestwood,
yukio,
giacobino,
plugins,
nonarchival,
vmc,
spitted,
prescribes,
euell,
spongebob,
equalities,
bogies,
naglee,
wainwrights,
quent,
hcas,
dolbier,
veranda,
stacking,
gravy,
sideboards,
caravaggio,
clubface,
exploitative,
reciever,
beckstrom,
hemorrhage,
tilton,
registrant,
grater,
belvedere,
karmic,
subversive,
caudell,
pellagra,
faded,
cessna,
valtonen,
alexa,
bucketer,
darklines,
wnba,
fte,
michelles,
spangenberg,
grazer,
linno,
satchels,
bagnall,
felicitous,
mawi,
plofsky,
outlands,
myna,
burdette,
narco,
scenically,
engels,
seco,
valva,
denbo,
seekers,
blaylock,
megans,
ergot,
manoj,
nonrunaways,
gehrke,
harriman,
realists,
hispanicized,
luria,
dib,
stethoscopes,
reaman,
korzendorfer,
imel,
honoree,
reticuli,
smartwrap,
lightduty,
suppressors,
livingood,
thornburgh,
srinivasan,
lindbergh,
simring,
avilla,
massarotti,
buckytube,
einhorn,
coproduce,
ukrainian,
echandia,
exerted,
leakproof,
tx,
enforced,
girlies,
mossback,
digitex,
donnelly,
scallops,
discredits,
freeski,
newkome,
bludgeoned,
respond,
paterniti,
bradens,
overcommitted,
rotatable,space
arrojo,
overutilized,
abiding,
fw,
evangelicalism,
apigenin,
aujourd,
perceivable,
retell,
barnhill,
proselytize,
niskanen,
calian,
handin,
childears,
retarget,
silhou,
thyroiditis,
souriya,
redressing,
analogical,
dnr,
sisung,
icbms,
bogdanich,
blagojevich,
rolston,
antivenins,
forkball,
corsage,
ladette,
hywest,
yaksen,
overregulate,
papering,
wrttemberg,
thatd,
darkside,
modelled,
enshrine,
heierling,
bubbas,
kinships,
urbano,
pixi,
hesitation,
grayslake,
mejicana,
frostiness,
hypocrisy,
withholds,
rooted,space
withstanding,
cassius,
recessionette,
milestones,space
alexandra,
metabolite,
haider,
tuneless,
rogal,
fleamarket,
blacklists,
tailless,
veeder,
unthirsty,
moneybags,
herzberg,
familie,
lalas,
jabn,
popperniki,
longfellow,
charow,
scot,
cavell,
lexus,
cared,
lavender,
muskeg,
ron,
munir,
gsi,
altaras,
pinkney,
realization,
millwright,
doubles,
leee,
toss,
iakovos,
kalahari,
speleologists,
esting,
muth,
lauster,
raidon,
nonreactive,
servin,
scanwell,
pusses,
lovesickness,
streleheim,
middlemom,
averts,
cva,
calgary,
favored,
eei,
aschenbach,
biomed,
pennyroyal,
kindling,
vulcanoid,
deaner,
lamonica,
chairbacks,
kishan,
daws,
parvum,
psychoanalysis,
indirogar,
fluency,
coldwatercreek,
erections,
serras,
yokich,
grl,
smudgy,
monomers,
brulee,
igh,
arbortech,
gcolvin,
towncar,
murky,
advocacy,
rosena,
agere,
psychodynamic,
maru,
ouellette,
renegar,
genser,
tramell,
transcribes,
etcetera,
constabulary,
listless,
virusscan,
meadville,
soca,
tavris,
tightwire,
parakeet,
improvisations,
vts,
repellency,
sparling,
heelan,
ubishev,
pacelines,
conradt,
oxiclean,
salesclerk,
smallville,
boldon,
communiques,
calmenson,
bomb,
willette,
disqualifier,
fantasists,
sfti,
platforms,
trenin,
sparingly,
sherrington,
keightley,
cty,
sjb,
legos,
javal,
fuelmaker,
ngpc,
hartstein,
vitalize,
sachin,
kabala,
tenmile,
runny,
phthalates,
onyeagoro,
pbgc,
whic,
morro,
najya,
simn,
orations,
schreyer,
panx,
assemblyman,
promiscuous,
ise,
wuzzie,
heaters,
brehaut,
midpriced,
gettable,
jgermeister,
byelorussians,
honing,
healthpartners,
ramirios,
cragg,
spookily,
dimling,
sidewheeler,
rewritten,
harassment,
piercer,
ricco,
samberg,
goodchuck,
seashells,
hyperthyroid,
deq,
jialal,
kolker,
nolia,
liner,
segura,
bealer,
fleece,
kolkhoz,
marcilla,
chuff,
tussling,
wigmaker,
eugenic,
crannis,
reluc,
hudek,
targus,
refigured,
amnesics,
multisport,
canap,
valencian,
yukon,
lemarc,
lichman,
brow,
darfur,
brookshire,
muscovado,
trudich,
selfhelp,
lowden,
handsomely,
schueller,
blackwelder,
rood,
trining,
starburst,
rahall,
allred,
solters,
paquin,
brunstad,
roadsters,
candytuft,
truthiness,
wildfowl,
sickens,
frightful,
canvaslike,
repossess,
poii,
polemical,
goas,
icefishing,
colgrove,
olstead,
absalom,
capriciously,
cenzin,
taveras,
schmicker,
tamps,
daisuke,
mayordomos,
reconvenes,
javan,
stucky,
affirmed,
ayittey,
lounger,
oooohhh,
pelo,
jobsite,
model,
agyekum,
scientology,
grikulla,
kurta,
lavasoft,
toutle,
gambon,
dispenser,
songy,
moguls,
untender,
chenet,
repulsorlift,
rumble,
aquiver,
aat,
rutlin,
reauthorize,
phillie,
khetab,
africa,
hectare,space
biu,
benilda,
bone,
evolutionarily,time
worrick,
wellbore,
publicans,
acuteness,
contradicts,
moma,
usl,
lousier,
recapitalizing,
inchesacres,
dauphinais,
jenkins,
embarrasses,
plath,
mussel,
whadda,
capucine,
schwerner,
denslow,
dongo,
benade,
velaz,
lapparent,
swatonah,
clethra,
god,
chardin,
acci,
trotternish,
burgman,
sorceress,
barth,
nonsupervisory,
congas,
hainer,
janson,
polemic,
gunbarrel,
hypersensitized,
semicustom,
mariann,
kalkilia,
sulphur,
sport,
freshest,
cov,
basting,
obser,
seaming,
stagnancy,
biplane,
mazur,
michaele,
pawpy,
desolations,
individually,
palings,
edwardine,
svendsen,
smartdrive,
bluebeard,
drowsy,
commodes,
tnf,
cantab,
indefatigable,
ous,
hollands,
prickling,
pediment,
fobt,
fanton,
ugvs,
kha,
tectron,
malinauskas,
bingen,
delicates,
bressan,
terrelle,
exline,
restrike,
supercharger,
marls,
anslem,
serried,
taxcut,
sherezada,
caramelizing,
illsley,
homosexuality,
foat,
crowly,
framebuilder,
sperber,
transom,
grassroot,
napa,
tently,
thibiant,
passage,both
monser,
output,
knebworth,
giving,
roethlisberger,
subjectively,
habenula,
alaimo,
heartthrobs,
thirdgrade,
microsort,
broward,
totaling,
negendenk,
stepmommy,
davison,
corroding,
didya,
doce,
incardona,
clandestinely,
segregates,
baddeck,
interspersed,both
tenets,
sobr,
jaszcult,
springing,both
bulbuls,
tne,
inseminations,
quebecois,
ccca,
anfinson,
mataba,
mainz,
unhip,
atlantean,
ashrei,
flintstone,
southwell,
mercurymarine,
walden,
emanates,both
editorialize,
leland,
overlap,space
rolltable,
elliott,
adar,
rhe,
granered,
delesseps,
brancato,
adrenalized,
traceymattingly,
hubpoint,space
billies,
electrocution,
undulations,both
superhub,
kaffe,
scratchers,
muppet,
communitywide,
bodices,
tweedledum,
babbler,
neoptolemus,
emailed,
kodi,
revlon,
tillers,
nobles,
weeding,
negate,
chen,
behr,
hollingsworth,
noblesville,
coifs,
lieder,
regrow,both
exercisers,
semidarkness,
vein,
hotheads,
chathrand,
ruettiger,
fernstrom,
dohnwana,
rocawear,
pentium,
nettalk,
peterman,
deepstar,
spielvogel,
sittakaper,
sipp,
letha,
bractals,
aavso,
shrager,
turnoffs,
aggressing,
vassago,
uncaught,
wollander,
typepad,
crankshafts,
akavarr,
arnick,
foeniculum,
heilbronn,
patters,
materials,
tertiary,
kimmie,
janeane,
huisman,
exponent,
frills,
skira,
folkish,
tailwater,
wsw,
leann,
celebr,
sewers,
americare,
dennitson,
waziristan,
birdsey,
mesda,
corkie,
twangy,
reenacting,
adlercreutz,
fpg,
horrified,
borgeses,
stachys,
canseco,
bullying,
scrapbook,
counseled,
crazing,
sullenness,
shitting,
reneau,
ostfeld,
furs,
rawl,
partita,
hadassa,
outruns,both
appraised,
reynold,
chowdah,
unsustainable,
bagley,
thoris,
rosies,
contradict,
bloomsday,
continental,space
cultivars,
parentbooks,
thoughtcrime,
beery,
highton,
thole,
procrastination,time
bimmel,
koryo,
holley,
gonging,
aloes,
cybersitter,
stalagmite,
haggled,
fortification,
luzhkov,
mallis,
diamondarchery,
catalogue,
rangels,
migas,
codesa,
pederson,
imperio,
gorvitz,
ots,
counterspy,
nanojuice,
amirantha,
grotta,
unfrocked,
expressionless,
gramophone,
belies,
darn,
pequea,
ptolemies,
carnality,
noire,
finfish,
unlocks,
extrusion,space
tattersall,
novaks,
infidelities,
erv,
stowes,
davidovich,
changestone,
powerhead,
sancho,
shashlik,
sadeq,
pentamers,
jihad,
unmated,
beileve,
artisanal,
icahn,
nowasa,
truesdale,
cai,
nidra,
brenden,
behooves,
nationalmuseum,
fearfulness,
raincheck,
preet,
mezes,
geillis,
inanimate,
feamster,
trallhead,
appreciated,
shigella,
scruples,
greet,
netpulse,
popham,
dac,
slee,
castaneros,
callo,
growl,
melhana,
quackgrass,
arn,
broadminded,
orquesta,
misspelled,
tortorella,
bartolome,
kettl,
saidi,
simmel,
tryday,
emptor,
excoriating,
maseo,
treemen,
rrp,
nathaniel,
blanchett,
blob,
amulet,
outbid,
primitives,
arman,
tovar,
leucadia,
keeping,
sambuca,
roed,
inflaming,
blumkin,
taster,
cinderellas,
sistina,
ceilinged,space
bios,
nikolayevich,
klav,
wolman,
akhromeyev,
vil,
tokeland,
gutfield,
eilean,
polak,
burnetts,
cryptosporidium,
mojopac,
houseboy,
bochicchio,
beeve,
rozelle,
haitien,
daed,
unrenovated,
nanorobots,
rumblebelly,
lattanzio,
usher,
crazier,
hydaspes,
wolsey,
igfa,
winkel,
charley,
megaplayers,
cfu,
oloop,
feiffer,
pregunt,
shyness,
hetzel,
researched,
pythagorean,
gynaecology,
getters,
uncontroversial,
aerial,
solarize,
teslik,
erasers,
karkhanin,
worksho,
racer,
deutsche,
shenice,
framed,space
franchi,
brawn,
emplaced,
audet,
tionship,
hierro,
okemos,
tinch,
slb,
transic,
repression,
vazquez,
winte,
aztech,
twiggs,
kharge,
sidebars,
tda,
boxes,
harin,
shoemaking,
playgroups,
cults,
furlow,
opted,
altaf,
coyness,
humanmade,
mamani,
tanisha,
archivist,
scotti,
pouncing,both
townsley,
minx,
contorting,both
meivici,
spaceport,
scandisk,
morono,
surely,
seventies,
contravene,
bousman,
kyocera,
busbee,
tutti,
hfu,
eronvie,
sobbed,
frothy,
monos,
afterimages,
hatzair,
impalement,both
boniface,
recoiled,both
spoilsports,
haideri,
publi,
cysts,
arap,
oxhp,
deride,
spiderwebs,
luciani,
interr,
behlen,
boatloads,
mit,
goop,
exultantly,
anthropoid,
bejart,
demint,
wimpier,
rohna,
attprime,
odum,
carmona,
aimster,
microstrategy,
exchequer,
fishwife,
mirv,
milewide,space
gulped,
fromagerie,
daywear,
institution,
fortyeight,
bins,
meadowy,
foremen,
peneda,
login,
omc,
pazder,
corporeally,
creeper,
stro,
poach,
streamwood,
ignatian,
forecasted,
goodrick,
eichhorn,
steeland,
abelia,
muskies,
eifan,
ladderlike,
lonchera,
issy,
hadi,
fellner,
volonteri,
sissenwine,
snepp,
exasperation,
direccion,
dury,
seventieth,
mellon,
cort,
toddled,
feddis,
barbatus,
stigwood,
warhead,
pulsatilla,
beranbaum,
threeweek,
transitional,time
macinnis,
bim,
sadness,
tida,
faeces,
stamp,
driesbach,
reauzed,
hephaestus,
raintree,
ban,
pulling,both
caran,
chartsford,
jobaria,
washerman,
iront,
triathlon,both
interrupting,both
latiolais,
stigmata,
copake,
oddfellows,
abid,
rones,
terrestrial,
visx,
hiba,
lerian,
stolpe,
jamborees,
stopa,
dogo,
boyland,
skippering,
mediating,
valdosta,
surenko,
aoi,
noboru,
vaz,
kellys,
hadler,
walked,both
otel,
staudt,
transvaal,
kenosis,
fleshier,
deiotarus,
kaunians,
sipf,
dalsimer,
osteomyelitis,
shopped,
census,
meditative,
fykes,
ritmo,
preeminence,
panelled,
larded,
unhung,
malcom,
duratec,
canga,
tik,
secretarys,
satriani,
esnips,
mccord,
glugging,
invidious,
camby,
millunzi,
moorhead,
eage,
benchmark,both
rosicrucians,
unavoidable,
ig,
orderly,
shuval,
chatty,
jasim,
frontal,
porto,
quispe,
addon,
mehsud,
veith,
liell,
kondracky,
curious,
rightist,
bong,
onno,
periodic,time
belin,
australe,
centerville,
ound,
luvera,
flec,
schmerbach,
nichia,
dully,
irvan,
stamey,
erates,
jolo,
thakkar,
luckys,
regretting,
pyra,
temma,
cleghorn,
theocracy,
external,
meadowvale,
tdf,
ctc,
savrani,
micklewhite,
lw,
motti,
disant,
bloomgardens,
depthsounder,
vicinities,space
tankards,
kjeld,
dratel,
flamethrowers,
generosa,
ohios,
mole,
fastballs,
brookstone,
airex,
abstentions,
manhattanite,
lockman,
erlbaum,
vocals,
foskey,
attles,
dennys,
adentro,
sampedro,
uruguayans,
vivir,
owlclover,
extremis,
toglia,
letdown,
wordpress,
mythbuster,
depts,
jassy,
sess,
danoff,
batse,
firepower,
candombe,
lister,
academies,
anthologist,
wimsey,
glutamate,
resentenced,
lauramercier,
underestimate,
marriage,
ashcraft,
rasnar,
glioblastoma,
followin,
jyoti,
ogden,
indignity,
bergenfield,
abutted,
aravind,
elizabeths,
chalantly,
doublewide,space
advantages,
silverhill,
nabat,
mazes,
akamai,
abba,
earles,
towers,
lugubrious,
diagnostician,
kodak,
berated,
kunstmuseum,
pone,
dansiger,
scrambly,
hul,
oran,
blustered,
neb,
zywicki,
simians,
tufte,
dialog,
trango,
nadborne,
feminization,
aigent,
bloke,
defray,
christinas,
relocates,
doubletalk,
byrnison,
thyristor,
kpf,
fisi,
rhapsodies,
gorley,
queenfish,
enhe,
pansy,
galea,
cologne,
ills,
lipkins,
panait,
hoffmeister,
forgives,
hoppus,
ely,
balham,
budoor,
faddish,
beamish,
norita,
lancelot,
sloe,
matassoni,
nikpour,
rivka,
macdill,
airmar,
barrymores,
plummeted,both
unexplained,
steppingstone,space
diarmuid,
theocrat,
ducco,
twobedroom,
treville,
tribemate,
ustnya,
kourtis,
mammographic,
alys,
fingertipped,
sellouts,
ikerd,
dilbert,
subtie,
gallaghers,
kathmandu,
ibaez,
commedia,
leelee,
bursin,
bambino,
relativist,
sweetmeat,
audiologist,
vying,
zippergate,
bolten,
corgin,
nectarines,
leviathanic,
hayduke,
nacho,
dhal,
playmaking,
mito,
garbarino,
tran,
hubbies,
sunniness,
sprite,
syndecrete,
metropolitans,
sirit,
flavonoids,
supersharp,
foghat,
reibstein,
gramer,
gearset,
collude,
wools,
neru,
epirus,
gaspe,
patronesses,
seesawed,
workless,
japanesque,
blasphemies,
astin,
deadhorse,
bottler,
hhs,
ssrl,
posh,
stromeier,
sculptural,
gazi,
mizuhara,
orange,
shamatoulski,
goldhammer,
lawfully,
cdna,
brocha,
asmfc,
soapdish,
jagged,
mandefro,
haban,
falls,
wreck,
prophecies,
desferrioxamine,
pandolfi,
deftones,
farhood,
delf,
moyer,
ohlsson,
thornwood,
toggling,
perish,
saint,
rohrabacher,
safari,
ciggy,
wolthoff,
wolfsbanes,
acclimated,
takemura,
pug,
traurig,
capehart,
theblack,
trademarked,
srl,
busybody,
whisperers,
organizational,
tosser,
penalizing,
malcon,
hassle,
cutter,
olivares,
chioccioli,
budokon,
antihydrogen,
makita,
islamiah,
bigwigs,
boden,
sgraffito,
habonim,
wilomena,
nanko,
toastier,
stoneware,
daminozide,
isadore,
essa,
infosphere,
shoehorned,
wonks,
humo,
snifter,
slichter,
farmstand,
bigboy,
vulvodynia,
syriani,
masel,
dyersburg,
deplores,
mujahadin,
israfel,
lucevan,
castella,
armoring,
mame,
hytner,
boogying,
nols,
chalice,
walrod,
subjected,
sont,
goodlatte,
citrix,
sundancer,
lemausant,
ballcarrier,
gunkhole,
kosslyn,
junkins,
edisto,
ragheads,
southwesterners,
xencor,
seckler,
ahen,
psychology,
griffithii,
grassy,
prosy,
vanetta,
ellingson,
rocketown,
adieus,
actua,
doppelgnger,
spines,
colombo,
arp,
punishments,
kiecolt,
ravitz,
pheasant,
leaming,
akzo,
joaquina,
eslon,
vethulf,
toa,
interfering,
pimentn,
dacor,
blithely,
sokolow,
progris,
sambucifolia,
mainstreams,
monkees,
godsake,
wops,
fili,
japonesque,
hettricks,
incorrigibly,
chevrier,
unzell,
ballparks,
boge,
arturius,
alike,
diousand,
trebunskaya,
retrial,
breathless,
ruweishid,
onalbi,
dittman,
clueing,
mastercraftsmen,
templin,
unhitch,
accelerators,
sups,
malanowski,
arepa,
twitterings,
cafta,
straightgut,
wagram,
kandt,
bloodlessly,
liman,
excepted,
clariion,
bigalow,
mutilation,
mookie,
moroseness,
purposes,
harmonies,
kazi,
tienen,
capron,
unrelentingly,
secrest,
talones,
osup,
tdtcc,
waterlines,
celestine,
reproducing,
fixate,
dearden,
popeil,
raney,
rendezvousing,
corice,
replled,
skilling,
dealey,
predilection,
deseret,
atonal,
forefathers,
granola,
wauer,
vbac,
feds,
rehabilitating,
lampi,
coldly,
freas,
starlink,
malikis,
daltile,
soaped,
ardmore,
bombshell,
disesa,
repertoire,
sadowsky,
restocked,
seances,
teichne,
clades,
hmph,
zanthrak,
walkers,
illiquidity,
atremble,
barzvi,
replicate,
hulley,
bagbys,
ashbery,
clangy,
levitas,
kibanda,
arnoud,
blueblack,
winkfield,
muntz,
earthwood,
fourhour,
lavonne,
weaverville,
jerrilyn,
tweedy,
muhamedshah,
pdfs,
taproots,
choosey,
savarona,
entranc,
viridis,
yawk,
hydrator,
annoys,
coercively,
complainin,
pictograms,
tillerson,
traipses,both
roden,
ultraefficient,both
dominae,
norfolk,
lilacs,
ediciones,
townscape,space
adversities,
myrer,
mandamus,
portola,
smokehole,
kcbs,
storms,
denning,
remonstrations,
wimbish,
grumman,
babiuk,
flees,
hovs,
wardman,
triathlons,both
futu,
posits,
brickmans,
nibert,
katsav,
hares,
kazaa,
assange,
lohans,
inheritor,
mudholes,
stolen,
forgetfulness,
berkowitch,
bootie,
statistics,
underco,
montcalm,
ylva,
breeders,
dehaan,
boligee,
toomey,
grop,
painkilling,
vigor,
travolta,
movements,both
gramajo,
anothe,
strayed,
bandstand,
impi,
jackoff,
whlie,
talbie,
gassner,
denyse,
rationalize,
ziffel,
decamped,
beginnings,
root,
zug,
msrcorp,
chapels,
courtin,
puto,
lindfors,
destructing,
yearwood,
everyman,
benylin,
roorda,
wratten,
baier,
mermin,
ohio,
wusf,
publish,
terminating,both
pozen,
ramesh,
cliver,
moods,
frieseke,
bartel,
penns,
celie,
subcutaneous,
iceball,
mctague,
jingsheng,
footrace,both
mormonite,
pistoleros,
checkerboard,
wajda,
pennsauken,
cablecard,
reynard,
ryokan,
notepad,
sterol,
driveway,
casp,
travelgate,
smudge,
checkering,
nsp,
chena,
unprofitable,
oiaa,
digression,
gateway,
muhamed,
grupo,
zapping,
awe,
svcs,
iya,
mitrani,
romaneira,
jonahs,
allay,
reichsmarschall,
dares,
sneakin,
buckram,
wickerham,
flagellating,
treo,
lesbian,
countersniper,
izurieta,
bronchi,
wildish,
purport,
bowfat,
dishing,
wolfhound,
humanitarianism,
soci,
freshen,
paracetamol,
stews,
windstorm,
compositional,
gtp,
klay,
lecter,
tatarsky,
hime,
careened,
duckett,
sandaled,
tenacious,
occurring,
rc,
butterless,
duery,
balcony,
redialing,
edgemont,
krantzbaum,
rumours,
nysca,
stemwinder,
queeblishiz,
militaristic,
leavens,
jokes,
tyminski,
tardocco,
conjuration,
fibrulation,
wishart,
strodder,
mericano,
zins,
biederbeck,
conman,
yerxa,
novgorod,
sacret,
eitc,
mitochondria,
brays,
dambre,
chromoly,
sabel,
ural,
dukedoms,
terrapin,
federals,
moonie,
ordan,
superbugs,
paraballoon,
tagetes,
osher,
unproved,
gormezano,
kasyanov,
chabi,
influenced,
winrock,
chinoy,
rykiel,
prehypertension,
squeal,
kirschling,
chador,
studiers,
spangle,
sansum,
iboga,
overy,
stepanovich,
armijo,
shred,
gustily,
gorki,
meerschaum,
dalglish,
georgica,
mcclatchy,
mlle,
megapower,
repack,
vibrata,
jaine,
keystroke,
sophie,
disseminating,both
conundrum,
incomparably,
hso,
eutaw,
jotted,
doubleclick,
cavorts,
kreppner,
thirlby,
extorting,
rogovin,
befell,
months,time
sellitto,
watsons,
mechanicville,
pourquoi,
gildow,
ceptions,
habilis,
liquefaction,
rianne,
stymie,
initiation,time
conceptualism,
rinji,
whaleboat,
mamalluca,
sidedecks,
durrell,
excusable,
wolfblitzercnn,
folic,
trapezes,
deteriorate,time
fernbank,
solemnities,
cruzi,
telhami,
integrator,
bagert,
cpsu,
droids,
tillich,
theatres,
dawber,
ouedraogo,
mostroms,
dickm,
ropy,
poivrot,
conness,
psycholinguists,
stravanavitch,
cartoonlike,
cock,
defacto,
trailering,
armundsdotter,
workaday,
kelloggs,
concierges,
assez,
hikari,
grungy,
rhinelander,
sportscast,
abusers,
ismail,
kateri,
serenading,
delirious,
twentysecond,time
purposelessness,
contagious,
wanaque,
pazensh,
industrial,
scotts,
lilien,
praetorians,
meridan,
colantonio,
propellants,
abida,
maumee,
deeble,
sneakdirk,
luge,
powerpc,
syndic,
sica,
prather,
riddance,
mapmaking,
tmc,
mcmanamon,
rourke,
ritterbusch,
henriquez,
kauf,
remsen,
seipel,
sangborn,
danilow,
battambang,
digipen,
matagi,
shoyer,
phenomenal,
leaned,
gravitron,
tithonus,
eastsoutheast,
electrica,
truckling,
pannacotta,
conciliating,
rtw,
acetylcholine,
bed,
propertied,
forkful,
hynesly,
phili,
favas,
punnett,
singleness,
kambia,
leitz,
dam,
orejuela,
vegetate,
loutre,
jonell,
convey,both
farnetani,
barycenter,
nagah,
cities,
islamicists,
punctuation,
amalgamation,
zite,
musgrave,
bunkacho,
patricians,
hitsville,
reueved,
horehound,
ultras,
awakenings,
prototype,
nien,
fridman,
feofanov,
lila,
removable,
koen,
kulick,
carter,
wease,
kihei,
scheindlin,
kashyyyk,
huai,
adelsheim,
mottahedeh,
jonda,
guberman,
porate,
stendhal,
encoded,
quasimodo,
allmans,
textural,
werneck,
irock,
uneventfulness,
interdicting,
mikki,
botanicals,
percussionists,
ksp,
recondite,
tsushima,
assessments,
tammis,
tickety,
tsao,
compressed,both
debtor,
sfriso,
fuckers,
hoffland,
overkirk,
aurelian,
nonaluminum,
slickly,
krasnow,
indubitably,
essary,
landstrasse,
unacceptable,
guerard,
relayed,
fineman,
outto,
wilji,
kesmai,
bolotbek,
methol,
bfw,
insincerely,
familyoriented,
maranello,
conlan,
siriak,
milpitas,
telfono,
equivocations,
whelmed,
altstadt,
mishima,
waving,
braley,
estrechos,
cold,
engi,
spinoffs,
leming,
supertramp,
tw,
remember,
bonneau,
goose,
isaia,
watercolour,
kalinda,
elitcher,
vickers,
unconcealed,
telaquana,
sounder,
vassa,
allers,
waltzes,
tedeschi,
diamondback,
unbusinesslike,
noncooks,
intercellular,
sweetser,
multivariate,
pleasers,
galvestonians,
scroggy,
brack,
battestini,
beyonc,
poitier,
usurped,
osteopenia,
cliff,space
ety,
henickstein,
dejen,
meagan,
klaas,
cleeland,
halfan,
syllable,
buteo,
dubov,
krasa,
pushup,space
leaved,
lavergne,
smelly,
ingestion,
laparoscopic,
olode,
camerons,
fredreeq,
asbell,
medinah,
racheting,
immured,
biker,
groundside,
tomans,
mpower,
aplenty,
nicknamed,
undercard,
agai,
definitions,
supporters,
holdout,
heisterkamp,
rededicated,
erythematosus,
dirtiness,
darwinists,
echota,
atoosa,
adair,
pickling,
harleston,
bilas,
vaporub,
laddered,
tibb,
neoplastins,
conspiracists,
bemoan,
snowbird,
pnas,
cottonmouths,
uncrowded,
ones,
theres,
igraine,
whimsical,
matchbox,
immortal,
assiduity,
litvack,
acutely,
rilicon,
yahtzee,
imitative,
inescapably,
arif,
slobo,
becklin,
dittmer,
bohemian,
vaudeville,
caltrop,
mnookin,
teleforms,
andrey,
salope,
rocked,
lovecchio,
inferential,
youthaids,
souleiman,
atan,
recompense,
beauti,
saviors,
myref,
wvcy,
greenes,
girdles,
soldie,
concocted,
thes,
flushers,
desilva,
snoogle,
torman,
doctorow,
frontality,
seamstresses,
stessing,
wakefulness,
frug,
voto,
congressperson,
manekshaw,
diought,
scratching,
cavendish,
korff,
overaggressive,
castalia,
kandace,
glori,
alleyne,
bluefish,
schoolday,
mattatuck,
meganesia,
prostaglandin,
satoko,
cultivated,
dandling,
earlier,
fusaro,
fatherhood,
marbleized,
plumerias,
vies,
boo,
twomile,
schott,
newburyport,
schrawtz,
elain,
doublebreasted,
lowry,
vitetta,
valenciennes,
hibiclens,
quarles,
demobilization,
kobelski,
valedon,
gladder,
momonus,
waivers,
triaging,
daunting,
facelift,
lozano,
emplary,
jvs,
frain,
rajani,
rydex,
crating,
polymer,
resp,
maribeth,
alethea,
passholders,
glob,
teensy,
santamorena,
wallfisch,
affinities,
mahaffie,
montag,
spiciness,
clment,
entente,
sekimachi,
fishkill,
brookes,
traversable,
natgeomag,
gravity,
ntl,
laser,
dunston,
shoup,
xavierre,
washdowns,
tomcat,
mirer,
inconstant,time
hannes,
kleiber,
besiktas,
leilah,
mensch,
halqa,
virtues,
fatwa,
amis,
hatchet,
hounsou,
latino,
reflected,
fuschetti,
elvira,
deanzign,
koulourakia,
phencyclidine,
mullenix,
dictate,
stream,
centrism,
santora,
mermen,
cochinos,
michie,
druliner,
danza,
megaparsec,space
unrepresented,
hawa,
beshara,
divad,
banters,
frivolities,
abp,
borchgrave,
carbs,
hubbard,
carnotaurus,
spinrad,
craver,
cele,
ck,
furgeson,
typhoon,
thornfree,
colonizes,
unpersuaded,
schellnhuber,
pianistic,
gillies,
stuhlbarg,
panned,
ditions,
lifebuoy,
firum,
scherr,
elbe,
fergusons,
mcmorris,
accompushed,
joiner,
eastsound,
lunatics,
loophole,
cartuja,
spiers,
warshow,
reboots,
caterwauling,
cornball,
cristo,
partisanly,
synoptic,
inversely,
terrifie,
meiklejon,
mimeograph,
bestride,
oocytes,
set,
plest,
poets,
mytol,
bulblets,
nereid,
charlottetown,
spitter,
syllabics,
algarvians,
balcolm,
bumpity,
propagate,
subwoofer,
codrescu,
karas,
midspring,
elink,
shins,
interglacial,
repowering,
carr,
racin,
verifiably,
kinkel,
ferrying,
kovalevsky,
kovansky,
sough,
dangerously,
olett,
buzzi,
barstools,
circumvented,
depoliticize,
serenaandlily,
banff,
kentigern,
boschian,
kelso,
schoolin,
ferrell,
yehudi,
patrician,
kogan,
kmart,
kitchigami,
redecorate,
interbank,
outlet,
overreact,
kuru,
gilcrest,
putbacks,
hasnat,
sepoy,
lusters,
cesm,
yanai,
cathleen,
nicholases,
volpentest,
soon,time
liguori,
sluggers,
reznik,
blackly,
frolio,
sharm,
reassurance,
carry,both
gummi,
coleader,
aami,
bibulus,
lawal,
halbritter,
disinter,
castelnau,
dehollinger,
assocation,
jottings,
oneyear,
bamboos,
castellated,
patterned,
trucoat,
frisof,
pelky,
whirrr,
courtne,
effulgent,
richmond,
radarman,
cocreation,
moceniga,
trashing,
transpires,
kathle,
plateauing,
cowls,
irving,
arndt,
ballgames,
chanukiyahs,
bureaucrats,
dyce,
tawanda,
kevil,
countertenor,
borodin,
elgar,
belshe,
participative,
ringtail,
cinch,
omata,
priva,
testimonial,
xhybrida,
boulding,
prizing,
taina,
trible,
gilda,
wenshan,
gratified,
transmuting,
multiarmed,
dzhou,
beauharnais,
bemin,
rutted,
avista,
brine,
msa,
unsafety,
godliness,
engorging,
choos,
ironed,
kirkos,
earplug,
roam,
turinese,
clavichord,
ecumenists,
mawes,
shanti,
pto,
leftism,
esophagus,
flatfoot,
scaring,
mundanity,
posole,
escapist,
somalis,
mahorn,
efas,
wittle,
twotiered,
papist,
activeforever,
reifsnyder,
swishing,
ruthlessly,
sova,
silverplated,
tabbed,
sarina,
diagnosing,
ablution,
lysozyme,
alabamans,
kneeled,
cepts,
nauseam,
redeveloping,time
razzing,
taufschein,
shamisen,
billions,
salley,
borrelly,
noxubee,
bj,
expunging,
barjaux,
kawartha,
interiors,space
louisgarneau,
aquer,
pampanga,
inspec,
kinsley,
chenango,
rege,
luzaida,
onone,
vignette,
giantess,
relative,
fifer,
reproducers,
silverado,
systern,
pythons,
carley,
gto,
kilometre,
esperanto,
waifdom,
anthurium,
swayback,
pocari,
marlee,
sehn,
greshneth,
leakin,
zwaiter,
sispan,
croghan,
eyed,
audience,
boogieing,
skinlike,
rilled,
evaristo,
chalfont,
tollin,
sulla,
mostert,
brauser,
contextualize,
tournai,
asv,
collared,
nym,
thrasco,
ricans,
duggen,
hew,
helps,
fiama,
alita,
buffolino,
squirreling,
medusa,
reidsville,
ltv,
macphersons,
hums,
milhous,
bajaj,
whdh,
cooksgarden,
sfilth,
waxwing,
akakievich,
buszkiewicz,
asthma,
overstocked,
tinke,
warshawsky,
slipstream,
montcastle,
stegner,
dase,
powerquest,
exclusive,
rainswept,
mantlepiece,
garotethans,
saundra,
mickler,
prepped,
megameg,
alans,
dramatization,
loganberries,
grandville,
austrian,
thorntons,
gio,
hundredths,
foeme,
ringed,
counseling,
bellsports,
cheesed,
haberdashers,
holographs,
faucheaux,
meera,
frictionless,
rushby,
leveling,
legg,
miamis,
prescott,
lento,
maddening,
scriptural,
watona,
oscillated,
clumsy,
coppa,
pilcher,
fane,
homeste,
unidentifie,
trephination,
gunslingers,
gravitation,
kouassi,
section,space
manikins,
funniest,
gelsey,
boxcars,
delic,
corian,
padilla,
bantha,
monsieurs,
wittstock,
hellion,
tumanbay,
hissarlik,
chidiac,
gret,
deauvage,
televue,
krannert,
edolphus,
puttermesser,
kalvin,
murderer,
flannels,
warer,
jettas,
bruta,
perrotta,
hildinger,
synchronous,
australians,
coalburning,
ingles,
pooches,
starter,
mediaplayer,
eyelevel,
decaen,
symptoms,
volupt,
hashimi,
surfwatch,
neuromorphic,
sketchier,
nitta,
zest,
ernestine,
elum,
schoenfeld,
kor,
tander,
conceals,
roaders,
ishaq,
plani,
fargrimr,
sunrose,
lyz,
pocatello,
kuocorp,
maeve,
gabbing,
gird,
barberino,
fortuny,
overexcited,
condominiums,
chronicling,
reichard,
katie,
sabatier,
witchfinder,
ganga,
unimpeachably,
franquene,
cassio,
exogenous,
resales,
forded,
kevles,
halliburton,
basgo,
deforestation,
clenching,
ineffectually,
pleo,
molori,
yanjing,
unselfconscious,
hauwa,
kismaric,
thorton,
burdensome,
homebrew,
sticklen,
shanor,
concreteness,
knocko,
answerers,
legion,
orchestrates,
prcis,
finishline,
hadd,
hamooj,
szent,
doerner,
dumbfounded,
varina,
lawabiding,
tf,
cachet,
jetlike,
mainstays,
plenum,
crosscuts,
lilly,
macready,
nematic,
hammett,
scrubland,
beshar,
edick,
tikka,
blithering,
pslra,
thoreson,
criminologist,
chockfull,
anintyl,
bigshots,
mcelderry,
metros,
myo,
lss,
bushy,
tarcher,
hunyadi,
spacedev,
buoniconti,
item,
arminio,
paddleboard,
rosana,
bateman,
barnstable,
zoidberg,
mudflat,
confrontations,
industries,
ubs,
corkscrew,
citrines,
capernaum,
zvezda,
mhc,
warhola,
harmlessness,
perkin,
trouble,
manolis,
unofficially,
windsurfed,
smelting,
spearlike,
haralampije,
imposes,
staffa,
fogelman,
quasi,
uclaf,
inspires,
shouted,
nguesso,
dealin,
scts,
toppy,
leggo,
macrae,
armories,
stenographic,
sows,
greenlandic,
airforce,
dallinger,
overserved,
fellen,
finiteness,
mystifyingly,
cosponsored,
rafinity,
chummed,
chipo,
norvin,
gypsy,
casuals,
dred,
parillas,
wamba,
verisimilitude,
tatted,
nyriss,
slutty,
belmonte,
weeny,
packer,
gamay,
vitter,
unconfident,
zelman,
swastikas,
wilcek,
nepenthes,
shiffrin,
tanny,
kills,
brandling,
smilgis,
superspy,
blackaller,
opgods,
bodypaint,
prohibitive,
polpot,
usand,
fricks,
glenmont,
macko,
shoulders,
vdr,
olawe,
florentines,
prodigality,
keidel,
skipwith,
tubbelman,
christop,
jericho,
youthfully,
gasket,
supercats,
doar,
corporatization,
akula,
kleeb,
gasketed,
rolheiser,
taunja,
lokesh,
bessinger,
cassette,
markie,
ptrd,
wheatley,
dolores,
convent,
armi,
romantics,
beckford,
maulings,
homesense,
spla,
benzes,
stifled,
poway,
mashini,
trinidad,
huitiupan,
karuk,
weminuche,
chichi,
moreno,
hovercar,
filmmagic,
swagged,
quartiles,
muenchrath,
mnard,
kuumba,
hungover,
lightrail,
champi,
feuer,
jaoch,
mismatches,
mcsharry,
pronunciation,
mcquillen,
flu,
bruces,
eucharistic,
microhabitat,
belligerents,
inactivity,
earflap,
garbanzos,
voiceovers,
dickemann,
daiy,
querer,
ical,
jehanist,
repetitive,both
separating,both
hanro,
blystone,
gotthard,
maidenhood,
meshed,
nobre,
batis,
mirabelli,
quan,
barbizon,
ulasewicz,
predisposition,
nateena,
superlow,
nilson,
bmp,
kelsea,
brawley,
hornung,
sideshow,
auriana,
redaction,
mccur,
hydride,
values,
kasem,
vuelto,
stepdaughters,
released,
nabarro,
hellsgate,
soooo,
rapu,
totty,
bolas,
stirrings,
hickenlooper,
restauranteur,
hille,
larking,
experts,
bluffer,
delbo,
descreption,
illiterate,
harnett,
unremembered,
ajoke,
tauscher,
raybin,
dewormed,
plutocratic,
flowered,
larsons,
itb,
weepin,
kets,
xircom,
szeless,
hy,
bilskinir,
dockworkers,
rastus,
heliodorus,
burzo,
enve,
sigel,
redsuits,
friends,
spane,
marclay,
parsonage,
gnash,
antacids,
spads,
sparsely,
bedtime,
landwehr,
krulchukor,
weffle,
benji,
nondominant,
disbelievers,
garner,
cringes,
forested,
fhan,
gourmet,
derick,
toxic,
arrigo,
blundering,
royalty,
talkfest,
lowerpriced,
yaphet,
heared,
hindenburg,
boromir,
waterproofed,
hanta,
merrifield,
ridiculously,
fx,
dinwiddie,
cumbrous,
halbersta,
ferdinando,
akimbo,
chichen,
annandale,
pinchuk,
cloy,
trillions,
cryoablation,
regia,
hellenism,
bershad,
kammermayer,
footballer,
myatt,
inversion,
reestablishes,
hersal,
callable,
glycero,
lupo,
hungry,
hafele,
profamily,
jorissen,
brodeur,
revelling,
algiers,
mdi,
hager,
rabinovich,
pipiens,
syron,
fromkin,
compress,
sphynx,
yansi,
quinney,
prov,
disintegrate,
godless,
rekhu,
chirruping,
obliterates,
oynisa,
colosio,
kipper,
reinert,
emigrate,
loriene,
monoclinic,
newsgathering,
unapproachable,
ecg,
khanga,
gurne,
duany,
nirschl,
lashkar,
hartson,
bauder,
lampreys,
aggregations,
gunrunners,
theismann,
drift,both
undiversified,
worlder,
retrieve,
peruyero,
sportfisherman,
haudenosaunee,
lawrence,
agay,
bawls,
bradbury,
modiste,
ized,
improvident,
firtel,
tatar,
maccabee,
floating,space
payoffs,
seigenthaler,
threepenny,
esterman,
behinders,
hoiten,
balaclavas,
seliora,
thinki,
freethinkers,
harmonization,
phan,
pentecost,
tip,
keramic,
zlotnick,
cohen,
stanhope,
yankelovich,
jimmy,
carlita,
mckellen,
penni,
yackle,
grayer,
manuelito,
antifeminist,
diminishments,
oaks,
ashad,
allesha,
unexpectedly,
gayly,
midsentence,
fleisher,
beheaded,
stri,
clit,
claque,
clarabelles,
santomauro,
percival,
slurping,
flatow,
schoolbags,
fragmentation,
fosamax,
aggres,
tounens,
zuccarelli,
cuffed,
sheola,
crt,
garity,
hermaphroditic,
severson,
footbau,
labriola,
undivided,
bony,
ottaway,
induct,
sexpert,
lado,
arcata,
australia,
pigor,
sooooo,
profess,
ribcages,
repnin,
some,
hunger,
moutain,
hekimian,
nantahala,
maycomb,
tte,
lemonheads,
pufa,
tearooms,
kempinski,
drawing,
dfg,
kirkendal,
columbi,
robbinses,
chaffin,
ancona,
chungo,
fenyan,
cenk,
unburied,
overbalanced,
adenoidal,
psychologytoday,
festal,
koblenz,
gribeness,
mongo,
fusses,
dutifully,
perusing,
bloomberg,
alondra,
raz,
fedorenko,
molln,
labourer,
grope,
banns,
mufson,
forsee,
kaffiyehs,
cetacean,
mayme,
bhakti,
ubuntu,
stelly,
igman,
wehrmacht,
durans,
floo,
scantlin,
sheperd,
bhide,
popularization,
stabilization,
cepeda,
lisping,
rider,
bucktoothed,
pak,
arsakli,
blocking,
systemizers,
gumby,
kirsch,
pae,
novomer,
brandwein,
mowaffaq,
widehall,
inspite,
milltown,
hathout,
illiquid,
neurontin,
legitimatize,
bisc,
yevhen,
winetasting,
landa,
manifested,
koffi,
hilda,
vorbis,
inure,
parnet,
entrusted,
leverevolution,
dhoone,
svea,
monto,
oficina,
fiances,
integrally,
dixeys,
hisle,
urbanist,
lockwoods,
cheim,
revote,
unspecific,
gwitchen,
impas,
outsiders,
covington,
pasteur,
telescoped,
detailee,
curator,
skywalk,
sarris,
tclf,
alus,
felink,
stang,
hirings,
unico,
cobe,
grampa,
qom,
virtching,
goodyears,
heterocyclic,
chernick,
scher,
slandering,
indecisive,
aldore,
memories,
propane,
equivalent,
pizzelle,
drumbeat,
pahs,
chanelle,
contracts,
daragon,
prei,
shoelaces,
blum,
sooth,
ndn,
anatomist,
moreira,
flyweight,
yessiree,
handleb,
melachrinos,
midrace,
vocational,
refines,
courbet,
tokar,
elmwood,
ado,
leaded,
gert,
mapei,
planetquest,
ipchantal,
jouret,
worldnet,
carreiro,
enunciation,
pontificate,
inhibition,
laos,
govinda,
cherub,
represent,
krentzm,
ashore,both
grito,
strates,
ultrafax,
prunings,
finchley,
lun,
compositionally,
zoodeh,
moodily,
greenbrier,
arrestor,
monofilament,
shoebox,
natalia,
nightflyers,
xenologist,
birthweight,
matilde,
purveying,
domeena,
vintners,
wahabi,
maritimo,
subsiding,
ratu,
ecember,
wetzler,
indurain,
hbcus,
liddle,
hydrostatic,
hexafluoride,
falconi,
multimodal,
gisella,
fluoroscope,
remit,
bleier,
unpractical,
gournay,
caudipteryx,
leapers,
dreams,
carjacks,
md,
pridicum,
skeletal,
catanzaro,
oberlatz,
stoudemire,
nora,
rosenbl,
corbeiller,
yot,
denia,
mawhire,
overbudget,
rurik,
perder,
remoteness,
knauer,
ectoplasmic,
cognex,
cripps,
burque,
whv,
melones,
indulger,
biolage,
wittman,
oldboy,
alcor,
maintaining,
kinkade,
avobenzone,
microbus,
norell,
multiorgasmic,
risutora,
asiatic,
kuta,
bjork,
ahh,
rewind,
existence,
runaround,
leder,
leone,
dogmatist,
vab,
tribbles,
emanating,both
ofri,
sjogren,
coddle,
oughtta,
saber,
undetected,
jeesh,
ambassadress,
calver,
embroidered,
lambswool,
ecfa,
astride,
threeday,
noc,
femmy,
rattiest,
cerveza,
marinated,
teilhard,
messerschmitts,
zales,
lippestad,
spirals,
naval,
ninemillimeter,
matura,
unintelligent,
resupplied,
wuthnow,
cielobluepro,
thieved,
coueys,
templehome,
vivaterra,
novitzky,
inconsistencies,
unidentfied,
glands,
drolly,
orderville,
dimbleby,
abbett,
oneaustralia,
monahan,
yike,
kila,
tostitos,
wiesel,
ganging,
invincibility,
sunshiny,
molton,
iaato,
sapelo,
hershleder,
lunch,
circus,
subscapularis,
jailbait,
henri,
benzer,
substandard,
bracy,
earthward,both
beltline,
shastylt,
gauge,
guaranties,
enthuse,
nonchristian,
fyodorov,
mostovsky,
isolationism,
manslaughter,
moana,
scootched,
snobbishly,
dhh,
fomunyoh,
sherwonit,
provissiero,
armbands,
orzulak,
battlefield,
zigmond,
civilisations,
outa,
linhares,
hairstyles,
socking,
petalled,
lentini,
robusta,
attorne,
gaddis,
afrique,
foisie,
pirrami,
pelham,
methaprene,
cecchetto,
orneriness,
botanists,
crit,
samartha,
peezee,
magnifying,
indemnified,
mcaleer,
bossert,
damas,
babyface,
individualists,
disentangled,
tarlton,
trippi,
usm,
acetone,
nihilistic,
explosives,
shoesmith,
subsidizing,
lemmons,
itokawa,
lhis,
bolloyev,
cankles,
bouazizi,
sgr,
lipoproteins,
correlation,
reverberant,
stupider,
movietone,
sankt,
heidenry,
megahits,
ariaron,
kn,
bunkbeds,
perspires,
quarterbacks,
hybritech,
bajan,
interfax,
bravery,
rezhmia,
penhaul,
cohall,
erdem,
blefuscu,
filmer,
godfather,
emancipated,
shuttered,
polarizing,
sterilization,
saffel,
fluorescence,
edwyn,
virag,
tiv,
thoits,
factoring,
macsam,
bernardine,
denardo,
polyrhythms,time
blah,
delectation,
relish,
ties,
viselman,
baseball,
fraska,
mischance,
slezak,
duelists,
peyser,
distraught,
decoratively,
readmissions,
paull,
wimpish,
elliman,
ostrander,
fledge,
mikli,
sterilizer,
firebomb,
ahman,
viaticals,
transgression,
reptiles,
vainest,
ilinichna,
jaswal,
anis,
poppop,
softperson,
snowing,
iiib,
ooee,
genuflection,
foulem,
baptize,
optoelectronic,
unicorn,
chakras,
potas,
beckmann,
bradsby,
fuzziness,
cashstrapped,
register,
muffuletta,
alands,
astralwerks,
montgom,
rumoured,
fallopian,
eponymously,
rondi,
jesusita,
constantin,
magnificence,
yellowstone,
braasch,
religieuse,
quiones,
shadowless,
vanvleet,
hussars,
mothballing,
keynote,
maganos,
lamberth,
rosalie,
circling,
pergolas,
kilims,
ripper,
gyrations,
ragland,
gobekli,
pottery,
hace,
unheeded,
bls,
avianca,
smoothbeam,
graphically,
handcraft,
amiens,
rehydration,
depalma,
caney,
glam,
cent,
talbot,
shark,
taisho,
koinonians,
reasonable,
wafers,
bieniek,
interstellarnet,
defensemen,
doughballs,
zcalo,
rhizome,
dolphy,
stokeley,
obleza,
tempter,
journ,
peschard,
lieff,
autofocus,
zirconium,
philp,
cybergloves,
jace,
ncn,
murasaki,
jumping,
yuppie,
resurgent,
stubble,
nanomachine,
awash,
funny,
rhythmic,time
uribe,
agawam,
marcella,
cinchona,
trucks,
matherion,
saum,
agonized,
bluegray,
merapi,
lopick,
klea,
wahhh,
wanda,
eschews,
kickers,
carrboro,
chapatis,
spiritualities,
sportster,
rashon,
stillborn,
glassner,
parallelograms,space
vocabularies,
filming,
luman,
kash,
milosh,
dislike,
johnswort,
nathman,
sheafe,
tomatis,
pogrom,
daiquiri,
eligible,
minnehaha,
oberleutnant,
replicated,
buras,
voxant,
balog,
fabricates,
opportunities,
dustoff,
subclass,
honkies,
hilldadge,
polltics,
tepid,
wolfberries,
characteristics,
fwet,
cannee,
devo,
astern,
soundwise,
sleat,
henriette,
plumeria,
romaterial,
mathiesen,
ester,
discomforts,
immedi,
rodger,
wierd,
insecticides,
postcolonial,
overwithholding,
antistress,
prithivi,
salivating,
realone,
levinsons,
antiseptics,
wrei,
psittacosis,
preposterously,
neimale,
adelina,
lorient,
style,
vcd,
thisll,
displace,
ichinose,
sunil,
marquis,
horsies,
boesch,
sudsy,
overnighter,time
outrank,
mcnaiiy,
silvermine,
lionize,
asymetrix,
leaped,both
willie,
duson,
morgen,
oussama,
muchachas,
dezhurova,
viagra,
hawser,
rornak,
arrhenius,
blackpowder,
geep,
craggy,
apparo,
nasr,
irhabi,
backstreets,
pirkle,
boor,
padre,
yauss,
dizzyingly,
johaneman,
kamut,
outwardly,
forewarn,
critiqued,
halted,both
samraatju,
slam,
strickland,
allblack,
whenever,time
judiciaire,
charette,
glaucoma,
mammarosa,
meakambut,
saintjust,
dayglo,
maxlife,
medin,
saxophone,
malegrams,
helwar,
marrows,
cloistered,space
entrain,both
parmertor,
distel,
airspace,space
colloquia,
teetor,
sundari,
excercise,
slavic,
annamaria,
mosta,
hudsonicus,
pulsipher,
akt,
cybercourt,
photomicrograph,
meanness,
barking,
yolen,
transliteration,
bliny,
reepicheep,
plumchoice,
parnelles,
floated,space
hogenauer,
significance,
booksellers,
pictor,
pirouette,both
berd,
shalom,
nijo,
meecham,
sidhu,
homiletic,
bauries,
geoghan,
ncnw,
pennsyl,
machine,
edinboro,
zakone,
chiwetel,
puff,
fogies,
hiddenite,
malipenga,
intelligence,
fischl,
ponying,
foggers,
predominated,
bedwetter,
fallen,
resendez,
tatooine,
descri,
lambskin,
rhubarb,
blago,
arland,
viertel,
derene,
janoff,
centuria,
vegetius,
feedster,
flycam,
ities,
moudi,
drugstores,
jannard,
detergent,
longed,
rydel,
transmutes,
brumisateur,
genty,
ngi,
nameplates,
musser,
cli,
soulfulness,
fantin,
lemma,
razn,
capshare,
brunelli,
giantism,
uve,
mork,
corea,
anticrime,
frenetic,
dinette,
givebacks,
carcass,
readandwriting,
nition,
caduceus,
orthodonture,
wilsons,
imac,
waffling,
waltons,
mallah,
macos,
polemonium,
clorena,
noneconomic,
flinger,
rblol,
kne,
patrickmcmullan,
gishangi,
merged,
unscrews,
sexualized,
deejay,
bosnia,
minge,
waldholz,
portaged,
speu,
realgar,
sessuan,
ivinson,
slate,
exculpation,
twirls,
fiske,
null,
adrissa,
lag,
riseborough,
sawaya,
foxpro,
mycoides,
civilrights,
colden,
mund,
narcissi,
chlorhexidine,
wharff,
ehnquist,
jubilate,
healy,
division,
montelli,
weddings,
tipoffs,
mis,
cahiers,
urt,
ceppos,
identif,
pcm,
celanese,
suffuse,
denial,
spironolactone,
worm,
annemarie,
nippers,
wordsmithing,
catchell,
mahelona,
phentermine,
dumbledore,
calais,
farmington,
sedowski,
postcards,
frangipani,
renown,
basecamping,
capuchin,
reductionist,
cryer,
uninhibitedly,
bowtie,
enlargements,
nonfreedom,
guana,
pinhoti,
particleboard,
transboundary,
monticup,
sands,
guinevere,
grainers,
skulls,
leadeth,
dickers,
atrocious,
maylie,
chaz,
narasimhan,
ages,
blackmun,
konhauser,
molting,
majorly,
indicts,
artists,
sciorra,
continuum,both
wheaten,
bluegills,
tippit,
importante,
capulet,
barca,
shaye,
cranes,
atterbury,
incisions,
ceri,
broadband,
boulevard,
virden,
rillettes,
laudey,
duer,
supercenter,
perron,
morrisville,
altschuler,
kelci,
datus,
rogen,
rohmer,
terns,
koinange,
wizard,
prose,
woltemate,
pollett,
chihuahua,
montross,
soloartists,
cing,
robata,
perfeet,
ranier,
cinnulin,
unpleasant,
tods,
starin,
hagar,
speedballs,
neupogen,
sommers,
interrupt,both
merce,
weadock,
session,time
vobis,
intellects,
channeler,both
huks,
tussel,
pathfinder,both
largemouths,
bazylev,
unring,
michaela,
catchphrases,
shriners,
wetterhall,
bunt,
unpublished,
raskas,
peekskill,
diggnation,
bloomie,
surcoat,
evel,
paraphernalia,
deprogrammed,
relapsing,
maranatha,
berardi,
verve,
palomino,
gaillardias,
smoldering,
lanang,
redlining,
durrant,
resolvable,
straggling,
iur,
soderman,
tapert,
aethelred,
kripalani,
lastyear,
burdon,
truckee,
trenet,
pinnfund,
kecksburg,
virgin,
duggars,
longrunning,time
oligarchy,
fered,
backup,both
eldrit,
cosas,
neuritis,
jarada,
zra,
taffrail,
exclusions,
nique,
scaling,
homefolks,
machos,
damages,
confidential,
substances,
consultants,
kirt,
inheres,
vauban,
chasse,
ultramarathons,both
morgaine,
vernors,
superbases,
catwolf,
svoray,
eightday,
amigo,
dearborn,
morkan,
sweeney,
actron,
portillo,
mcelwain,
boffo,
botwin,
reisen,
nobodys,
blatant,
silicotics,
weisel,
nesting,
garciaparra,
untrodden,
kayl,
bettie,
keshia,
tendonitis,
alanso,
moisty,
waxwork,
sermons,
uniter,
inclinometer,
wheeliam,
sympathizes,
doomed,
aamc,
harwood,
gaidar,
marini,
droughty,
philosophies,
genessie,
gillitts,
carbonglass,
fbot,
beneficiaries,
margined,
humbug,
wanderlust,
christianne,
tabloidy,
hepped,
northers,
endcaps,
oleic,
chincoteague,
whiteflies,
denee,
derbyshire,
kitus,
schiavelli,
godawful,
taloned,
jalisco,
wallpapering,
artistry,
khawi,
fa,
acknowledged,
pei,
duckweed,
midsoles,
mikhailov,
reenactment,both
permissiveness,
neifert,
ogdensburg,
dunst,
touche,
kendrick,
bilateralism,space
introducing,
fustian,
primate,
multifront,
miriles,
serological,
parapan,
dorthy,
manjula,
keele,
millar,
thalassemia,
rockies,
nonfarm,
infrared,
crazytrini,
livery,
spahn,
gereint,
masimo,
falkowski,
ekranoplans,
behcet,
fws,
diferencia,
preplan,
kiket,
canty,
faqzers,
visitors,
popularly,
abuser,
stel,
wimple,
reclassified,
provolone,
classicist,
modulated,
nanabah,
hekabe,
rheuma,
kraftmaid,
deepened,space
outskirt,space
curates,
kitteridge,
unz,
hirshorn,
artificers,
assuming,
stoner,
helicop,
rawnie,
voo,
chagnon,
kuro,
madonnas,
mossgrove,
entering,both
nightbirds,
alleviating,
adorno,
chimne,
captaincy,
noncommittally,
shaima,
whler,
intercooler,
issandrian,
rickert,
zaldarriaga,
accordin,
wakarusa,
bateson,
ike,
marchesseau,
stabilizers,both
tified,
qaradawi,
fireproof,
superluxe,
overactivity,
gnrale,
mrow,
milagros,
druick,
grootjans,
camellias,
thalheimer,
jone,
caudalie,
thermidor,
cheesily,
unflexed,
enberg,
waffled,
dientes,
harbison,
runstadler,
hambone,
figurative,
wilfredo,
grohl,
wilcoxes,
sprightly,
abelson,
poda,
quaking,
garreau,
flushable,
sepe,
harborview,
geriatricians,
arabization,
dacca,
galactosemia,
posterior,both
kolooltopec,
pippins,
kuzdek,
disassembling,
dobransky,
internals,
klotz,
cellini,
welding,
hermes,
ezer,
subunit,both
vacca,
terman,
eez,
papago,
salvador,
meridian,both
muffle,
manhata,
craaack,
hunchbacks,
cessnas,
bedard,
awry,
rena,
stadt,
mabel,
busting,
shadowbrook,
creatacard,
kildun,
beulah,
balmerino,
exploits,
uncultivated,
mclamb,
lyd,
falcons,
intermediaries,
blubbers,
armstron,
forking,
overwhelms,
cliveden,
fogbells,
firstaid,
darznik,
theft,
calderwood,
kelps,
comprising,
entert,
wazimba,
wren,
gourlay,
fishs,
tastelessly,
thomasville,
easole,
compatibility,
balkan,
thematically,
unstitched,
schrader,
flowy,
jlo,
coproducing,
cotter,
xanthia,
furturer,
wtn,
danzey,
noncritical,
telescreen,
wangler,
headstart,
sicklerville,
kretzler,
miraval,
myto,
spicata,
groverton,
mideighteenth,
bakersfield,
pcusa,
forthe,
hoc,
laundresses,
seefeldt,
diepkloof,
wilkens,
rustigielo,
enrollee,
shrivel,
schwarzs,
creamware,
chgteau,
pilfer,
manore,
sono,
reconsidering,
kusum,
lithography,
photosensitive,
vnukovo,
boutique,
kaohsiung,
guinevera,
alondrin,
drinkie,
badovinac,
davy,
ankarlo,
tsvetaeva,
esf,
fiftieth,
princeling,
stipulated,
stormiest,
jammed,
insurances,
shahal,
eran,
kirilenko,
troi,
blips,
kikwit,
perpetration,
greatly,
taleggio,
raddol,
moodie,
chattering,
glassmaker,
rollouts,
slanted,space
rehiring,
bickerstaff,
holobyte,
menning,
tot,
rosenfeld,
kantstrasse,
reye,
repertory,
kitna,
backbencher,
caloris,
hairdryer,
finishing,
deflecting,
bruise,
belvin,
presumptuous,
unscreened,
cuprinol,
mescluns,
breastfeeds,
pulido,
resettles,
scoffed,
elaborating,
ekesh,
dykema,
premeditation,
cobiella,
sese,
cannady,
gry,
movi,
jerusha,
impersonators,
enhancers,
zekey,
aksa,
derailing,
circosta,
powpy,
montuno,
alcalde,
magombe,
poplar,
entranceway,
eeeeek,
brightwood,
dwindled,
chops,
dellasega,
shenay,
sucrose,
realize,
flensburg,
prettyville,
critical,
hotdoggone,
beethovens,
doenitz,
sottolano,
passeth,
geraint,
bizzlebek,
sudeten,
lexan,
dungheap,
complexity,
hailey,
sheltie,
deary,
hornig,
murray,
kagiso,
thrash,
ornaments,
mres,
implications,
lonn,
ghislain,
aggravates,
marke,
resents,
asome,
dimanche,
denzil,
humid,
flourishes,
alamares,
ficifolia,
repurposes,
doffed,
inaug,
ghee,
kraja,
mitofsky,
waizey,
gahris,
clockfaces,
pulpo,
train,
streamliner,
geraldo,
ekstrand,
follonico,
nbi,
fangio,
undertreat,
decimeter,
lipton,
groth,
audiovisual,
yalla,
undernourished,
invacare,
branwell,
testifiers,
lyell,
nanovation,
dwarven,
vilakkus,
tablespoons,
kestery,
colombe,
chiasmus,
lanuwobi,
demobilize,
stellwagen,
hyannis,
sepeziale,
digregorio,
extra,
overskirt,
unsold,
marple,
preaches,
skylstad,
marianne,
boutiette,
novoa,
lipnicki,
melim,
neuman,
ericksen,
sexta,
sauceda,
cafferty,
cynosure,
zappaterra,
chimed,
stavenger,
wilt,
hariri,
cassock,
tilling,
urey,
restfulness,
eclairs,
promises,
yasuhiro,
burris,
dillo,
andreotti,
mobilize,
haidinger,
lodgers,
exupry,
overdramatizing,
radiologist,
veriflora,
dimasi,
wilhemy,
theisen,
edik,
adidas,
carnivale,
bowlin,
participated,
vedanta,
tzippi,
merriment,
chantal,
witli,
duryea,
raker,
stranglings,
fighting,
frre,
speckmann,
ingrams,
quiescent,
warbles,
cloakrooms,
pentecostal,
abate,
dahlquist,
unceremoniously,
novembers,time
batshit,
germain,
tute,
hervey,
pukeko,
summon,
cheleyza,
regulator,
plannin,
wiideman,
rowett,
morale,
kiveny,
exte,
sohail,
waxman,
trimurty,
makepeace,
laotians,
grubee,
daymond,
mononucleosis,
bemoans,
tlie,
sachiko,
satphone,
tillery,
tided,
lordly,
akhetaten,
wirick,
hoarded,both
banknote,
jiggled,
hultman,
ensured,
specials,
rivets,
christendom,
newsr,
palates,
overthrowing,
tia,
lignorelli,
impunity,
notkin,
gyrating,
pha,
washburne,
curculio,
lowintensity,
iit,
shameless,
petitot,
chilmark,
interscholastic,
klute,
unnoticeable,
kramgasse,
sidescan,
gmail,
unknot,
valdemar,
simplification,
rulers,
imhoff,
lamming,
billes,
megachurches,
erode,both
femaville,
cerebrosides,
videotaped,
vestigially,
cherubim,
frequented,both
toffel,
kerrys,
bluepoint,
lucerne,
exaggerates,
detaus,
sandroni,
jamali,
kerlikowske,
absconded,both
rewards,
akim,
telepresence,
voluntary,
babineau,
skookumchuck,
cowboy,
delevigne,
wotorson,
bollinger,
zinj,
zanni,
determinedly,
redman,
kourmans,
mollusks,
chuffe,
jala,
dcoratifs,
jakosz,
fornasetti,
unbred,
cowrote,
abubukar,
voluntourism,
queeg,
leatherman,
anbri,
irrationalities,
msmagazine,
barthel,
haloumi,
jalen,
scapes,
disequilibrium,
merda,
nonwhites,
ceaseless,
babe,
artie,
doorstepping,
brauer,
daniels,
postgrad,
joint,
coonskin,
shakira,
beretta,
squirrel,
prettify,
laimbeer,
collectors,
socially,
rookie,
altiplano,
ahu,
alfredsson,
rocky,
sinopec,
fouquet,
pharm,
scr,
hellas,
courville,
courreges,
drips,
starkey,
unslung,
shiras,
masai,
vander,
imperfecta,
cobber,
hallucinates,
alton,
monetti,
frushon,
rajamani,
tallboy,
exponential,
officemax,
societal,
sedris,
hypothetical,
cookbooks,
simkins,
stiffelman,
agne,
fy,
leukemic,
kaverin,
bootmakers,
hydrapak,
germplasm,
covarrubia,
thesauruses,
atmospherics,
hartlepool,
flukes,
dmort,
mystified,
vergalant,
topographies,
nyfd,
rapes,
frontmen,
shipyard,
artista,
crankiest,
frehling,
challen,
blubbery,
appeaser,
navigability,
archipelago,
swot,
starkers,
unti,
thumbelina,
culturalist,
snobbish,
ameriscan,
studio,
lemaire,
sedita,
brassai,
claves,
vasomotor,
craftiest,
kachinas,
table,
peppar,
schoolchildren,
couette,
roundhouses,
ums,
acce,
emme,
papaji,
grommet,
ravenite,
pussy,
doubled,
islamo,
overprescribe,
enlargement,
dwellstudio,
frankest,
histori,
middot,
burnside,
hizbullah,
fsletters,
bigwood,
gfiber,
pisidice,
horological,
ire,
loski,
downstage,space
iiis,
proce,
scrawlings,
kalhorn,
jmg,
behman,
mitten,
masham,
pushy,
saka,
sterns,
kbos,
congruent,
coolie,
pelted,
supralingua,
reviewing,
oiseaux,
premeasured,
threeand,
kiesler,
mealtime,time
solal,
rahner,
schoenberner,
biggsy,
neckwear,
beccaroon,
contribution,
petaled,
bottarga,
hickerson,
benzhi,
coulis,
bemusedly,
zaslavsky,
recollected,
theatricals,
detracted,
matile,
qt,
zechariah,
corwin,
rippey,
mkontho,
crieder,
apoll,
techni,
bertrams,
caviar,
kalkowskis,
queensbury,
compustat,
mankiw,
asilomar,
rcl,
stereolab,
koy,
oglers,
catechin,
bartletts,
romanticize,
gentl,
wiese,
kirlin,
realidad,
debridement,
tzara,
nicolosi,
dosso,
namaste,
aidoo,
gustavia,
lsa,
sinister,
sadoon,
cesarean,
sigil,
agarwal,
sirrom,
absent,
apportion,
wmch,
ilna,
sportswriting,
bienvenue,
muffins,
jiler,
noisily,
secretar,
hauri,
erron,
kozmetsky,
synar,
chmn,
pelkey,
clapperton,
guin,
sockabasin,
aldridge,
vallees,
jagmetti,
richey,
krammaus,
coconino,
petzl,
culture,
stoler,
reacquainting,
esses,
secretively,
vertically,
transfiguration,
shippen,
meegeren,
schneiter,
duell,
mswati,
berne,
gotto,
explainer,
motherham,
neilson,
tampering,
laoghaire,
nethercott,
atria,
ohhhhh,
paskowitz,
amerco,
dictums,
admissible,
thrans,
shipman,
pqwq,
faultline,
flow,
sambal,
exampie,
laberne,
laurentians,
karan,
pseudofeminists,
galician,
dork,
undo,
succubus,
mick,
naqqash,
klismos,
brocks,
handlebar,
evangel,
anglicanism,
cloths,
senatorial,
priesnitz,
purgation,
tirol,
autiiority,
timoney,
corienne,
juilliard,
sidle,
washoe,
wronged,
resettlement,
laces,
surlier,
offcamera,
lasonsky,
stenhouse,
briton,
teutonic,
eszer,
weindruch,
hellenbarger,
pliocene,
checked,
scotsman,
worse,
inoculating,
hominem,
amgn,
zeisel,
techkin,
dhaliwal,
torea,
eggs,
diffraction,
ouachita,
colore,
stickney,
rsc,
spacedock,
vajpayee,
excelled,
megamid,
adovasio,
matsuoka,
sportsclub,
mehrer,
abshire,
luccheses,
hroger,
chasidy,
amblypygids,
ovalized,
herzegovina,
fooush,
menndez,
kubert,
msw,
jokers,
vigenere,
flirting,
conboy,
rosnaree,
seamless,
osiers,
jiggety,
mardnnn,
novelists,
enchautegui,
devaney,
marist,
rochefoucauld,
phoresy,
incroyable,
snuffbox,
troyon,